{
"type": "FeatureCollection",
"name": "Cascavel_Bairros",
"crs": { "type": "name", "properties": { "name": "urn:ogc:def:crs:EPSG::4674" } },
"features": [
{ "type": "Feature", "properties": { "fid": 1, "CD_REGIAO": "4", "NM_REGIAO": "Sul", "CD_UF": "41", "NM_UF": "Paraná", "CD_MUN": "4104808", "NM_MUN": "Cascavel", "CD_DIST": "410480805", "NM_DIST": "Cascavel", "CD_SUBDIST": "41048080500", "NM_SUBDIST": null, "CD_BAIRRO": "4104808024", "NM_BAIRRO": "Floresta", "CD_RGINT": "4103", "NM_RGINT": "Cascavel", "CD_RGI": "410006", "NM_RGI": "Cascavel", "CD_CONCURB": "4104808", "NM_CONCURB": "Cascavel/PR" }, "geometry": { "type": "MultiPolygon", "coordinates": [ [ [ [ -53.420656, -24.929300199999943 ], [ -53.421658699999966, -24.929304699999932 ], [ -53.422627699999964, -24.929307699999981 ], [ -53.423630199999934, -24.929301199999941 ], [ -53.424162799999976, -24.929317499999968 ], [ -53.425059899999951, -24.929310499999929 ], [ -53.425835699999936, -24.929308299999946 ], [ -53.426599799999963, -24.929335699999967 ], [ -53.427395299999944, -24.929333299999939 ], [ -53.428183799999942, -24.929326799999956 ], [ -53.42908129999995, -24.929323599999975 ], [ -53.429973199999949, -24.929324599999973 ], [ -53.431291599999952, -24.929319599999928 ], [ -53.432387799999958, -24.929318099999932 ], [ -53.432985499999972, -24.92931109999995 ], [ -53.433597, -24.929326299999957 ], [ -53.434419599999956, -24.929296299999976 ], [ -53.434375799999941, -24.928837199999975 ], [ -53.434171099999958, -24.928165699999965 ], [ -53.434170299999948, -24.928163 ], [ -53.434171399999968, -24.927642099999957 ], [ -53.434015399999964, -24.927098099999967 ], [ -53.434019, -24.926485 ], [ -53.433937, -24.926214 ], [ -53.433763, -24.925878 ], [ -53.433456, -24.92542 ], [ -53.43317, -24.924972 ], [ -53.433058, -24.924766 ], [ -53.432812, -24.924617 ], [ -53.4327, -24.92457 ], [ -53.432199, -24.924167 ], [ -53.431628, -24.923593 ], [ -53.43131139999997, -24.923328599999934 ], [ -53.430854, -24.922813699999949 ], [ -53.43074009999998, -24.922614599999974 ], [ -53.430412799999942, -24.922471899999948 ], [ -53.430108799999971, -24.922297899999933 ], [ -53.43003159999995, -24.922034899999971 ], [ -53.429783599999951, -24.921982899999932 ], [ -53.429589, -24.921783 ], [ -53.429513, -24.921678 ], [ -53.429475, -24.921434 ], [ -53.429341, -24.92126 ], [ -53.428865, -24.921051 ], [ -53.42835, -24.920738 ], [ -53.428007, -24.920338 ], [ -53.427796299999954, -24.919853699999976 ], [ -53.427541799999972, -24.918979799999931 ], [ -53.427436799999953, -24.918335799999966 ], [ -53.427242699999965, -24.917937799999947 ], [ -53.427085799999986, -24.917634899999939 ], [ -53.426741099999958, -24.916907 ], [ -53.426268799999946, -24.916070699999977 ], [ -53.426079, -24.915185 ], [ -53.425886499999933, -24.914828 ], [ -53.425712899999951, -24.914402799999948 ], [ -53.425643199999968, -24.913823599999944 ], [ -53.425466299999982, -24.913297199999931 ], [ -53.425381499999958, -24.913018099999931 ], [ -53.425293199999942, -24.91281639999994 ], [ -53.4251, -24.912572399999931 ], [ -53.424886799999967, -24.912313499999982 ], [ -53.42461609999998, -24.912094299999978 ], [ -53.424380099999951, -24.911791499999936 ], [ -53.424195599999962, -24.911420899999939 ], [ -53.424028299999975, -24.91120189999998 ], [ -53.423810599999968, -24.910975 ], [ -53.423645499999964, -24.910721899999942 ], [ -53.423328199999958, -24.910216 ], [ -53.423184599999956, -24.910055099999965 ], [ -53.422902499999964, -24.909695799999952 ], [ -53.41775709999996, -24.912391099999979 ], [ -53.417760099999953, -24.91181789999996 ], [ -53.417746499999964, -24.91120959999995 ], [ -53.417771099999982, -24.910293 ], [ -53.417766599999936, -24.909968399999968 ], [ -53.417755799999952, -24.909174599999972 ], [ -53.417746399999942, -24.908483099999955 ], [ -53.417711, -24.907644299999959 ], [ -53.417681199999947, -24.907465799999954 ], [ -53.417631, -24.90668949999997 ], [ -53.417309799999941, -24.906895 ], [ -53.416847399999938, -24.906270699999936 ], [ -53.416520099999957, -24.905843499999946 ], [ -53.41614839999994, -24.905516099999943 ], [ -53.415649, -24.905199899999957 ], [ -53.414883399999951, -24.904855899999973 ], [ -53.413823599999944, -24.904334399999982 ], [ -53.412958099999969, -24.903923799999973 ], [ -53.412677899999949, -24.903816799999959 ], [ -53.406253299999946, -24.908728 ], [ -53.406253299999946, -24.908756 ], [ -53.406256299999939, -24.908957399999963 ], [ -53.406250599999964, -24.909527399999945 ], [ -53.406245299999966, -24.910066899999947 ], [ -53.406243299999971, -24.910263199999974 ], [ -53.403747599999974, -24.910288899999955 ], [ -53.403984499999979, -24.910803899999962 ], [ -53.404869, -24.912369699999942 ], [ -53.404880699999978, -24.91239029999997 ], [ -53.405478099999982, -24.913090799999964 ], [ -53.405854099999942, -24.913502799999947 ], [ -53.406072699999982, -24.914005499999973 ], [ -53.406067499999949, -24.914067699999976 ], [ -53.406124499999976, -24.914316199999973 ], [ -53.406134799999961, -24.914947799999936 ], [ -53.406222799999966, -24.915558699999963 ], [ -53.406300499999986, -24.916060899999934 ], [ -53.40644, -24.916608399999973 ], [ -53.406399599999986, -24.917044499999975 ], [ -53.406589399999973, -24.917479599999979 ], [ -53.406823599999939, -24.917755 ], [ -53.406893, -24.917973099999983 ], [ -53.406991699999935, -24.918375199999957 ], [ -53.407276399999944, -24.91871169999996 ], [ -53.407696299999941, -24.919299399999943 ], [ -53.40771129999996, -24.919643699999938 ], [ -53.407737599999962, -24.919821199999944 ], [ -53.407735899999977, -24.920026 ], [ -53.407737199999985, -24.920233899999971 ], [ -53.407934, -24.92248079999996 ], [ -53.407861499999967, -24.923505899999952 ], [ -53.407830399999966, -24.924914199999932 ], [ -53.408231699999931, -24.926019499999938 ], [ -53.408583699999951, -24.926674499999933 ], [ -53.408881399999984, -24.927241399999957 ], [ -53.409184299999936, -24.927818699999932 ], [ -53.409401699999933, -24.928074899999956 ], [ -53.409474199999977, -24.928245799999956 ], [ -53.409593299999983, -24.928507199999956 ], [ -53.409513799999957, -24.928703499999983 ], [ -53.409467099999972, -24.928847799999971 ], [ -53.409460699999954, -24.929013899999973 ], [ -53.409369099999935, -24.929131699999971 ], [ -53.409237699999949, -24.92939679999995 ], [ -53.409246099999962, -24.929619699999932 ], [ -53.409250399999962, -24.929628399999956 ], [ -53.409398199999941, -24.929932099999974 ], [ -53.409442, -24.930156 ], [ -53.409562799999946, -24.930399699999953 ], [ -53.409798099999932, -24.930618099999947 ], [ -53.409856099999956, -24.930692099999931 ], [ -53.409996699999965, -24.930815699999982 ], [ -53.410091399999942, -24.930957899999953 ], [ -53.410204399999941, -24.931091699999968 ], [ -53.410397, -24.931267 ], [ -53.410514, -24.931373 ], [ -53.410862, -24.931479 ], [ -53.411199, -24.931596 ], [ -53.411397, -24.931628 ], [ -53.411535499999957, -24.931679899999949 ], [ -53.411570799999936, -24.931181699999968 ], [ -53.411546599999951, -24.93072559999996 ], [ -53.411548099999948, -24.929860099999928 ], [ -53.411611, -24.92939819999998 ], [ -53.413742799999966, -24.92941019999995 ], [ -53.415987299999983, -24.929402399999958 ], [ -53.415996099999973, -24.929292299999929 ], [ -53.416970499999934, -24.92930089999993 ], [ -53.417696399999954, -24.929294 ], [ -53.418683199999975, -24.92928969999997 ], [ -53.419676399999958, -24.929292799999928 ], [ -53.42041, -24.92930309999997 ], [ -53.420656, -24.929300199999943 ] ] ] ] } },
{ "type": "Feature", "properties": { "fid": 2, "CD_REGIAO": "4", "NM_REGIAO": "Sul", "CD_UF": "41", "NM_UF": "Paraná", "CD_MUN": "4104808", "NM_MUN": "Cascavel", "CD_DIST": "410480805", "NM_DIST": "Cascavel", "CD_SUBDIST": "41048080500", "NM_SUBDIST": null, "CD_BAIRRO": "4104808025", "NM_BAIRRO": "Brasília", "CD_RGINT": "4103", "NM_RGINT": "Cascavel", "CD_RGI": "410006", "NM_RGI": "Cascavel", "CD_CONCURB": "4104808", "NM_CONCURB": "Cascavel/PR" }, "geometry": { "type": "MultiPolygon", "coordinates": [ [ [ [ -53.418551499999978, -24.937792 ], [ -53.418803799999978, -24.937898299999972 ], [ -53.418886499999985, -24.93816279999993 ], [ -53.418984599999931, -24.938428899999963 ], [ -53.418958699999962, -24.938781099999972 ], [ -53.419028899999944, -24.93924149999998 ], [ -53.419102499999951, -24.939411599999971 ], [ -53.419162399999948, -24.939596199999983 ], [ -53.419311799999946, -24.939951899999983 ], [ -53.419444899999974, -24.940161199999977 ], [ -53.419590099999937, -24.940412799999933 ], [ -53.419805799999949, -24.94071409999998 ], [ -53.419938099999968, -24.941039199999977 ], [ -53.419992, -24.941242299999942 ], [ -53.420115399999986, -24.941638799999964 ], [ -53.420181399999933, -24.941968199999963 ], [ -53.420204199999944, -24.942325799999935 ], [ -53.420253299999956, -24.942520399999978 ], [ -53.420331499999975, -24.942800499999976 ], [ -53.420487, -24.942956199999969 ], [ -53.420600199999967, -24.943131699999981 ], [ -53.420578, -24.943271 ], [ -53.420637, -24.943589 ], [ -53.420624199999963, -24.943966799999941 ], [ -53.42060429999998, -24.944441899999958 ], [ -53.420570099999964, -24.944922199999951 ], [ -53.42061769999998, -24.945251699999972 ], [ -53.420721199999946, -24.945560799999953 ], [ -53.421060299999965, -24.945772099999942 ], [ -53.421209499999975, -24.945849199999941 ], [ -53.421413599999937, -24.946046 ], [ -53.42162049999996, -24.946143199999938 ], [ -53.422017799999935, -24.946317499999964 ], [ -53.422532099999955, -24.946470499999975 ], [ -53.422629899999947, -24.946533899999963 ], [ -53.422733599999958, -24.946484699999928 ], [ -53.42310539999994, -24.946294699999953 ], [ -53.423918599999979, -24.945888599999932 ], [ -53.42430319999994, -24.945695699999931 ], [ -53.424340299999983, -24.945677 ], [ -53.425091, -24.945299899999952 ], [ -53.425332099999935, -24.945170399999938 ], [ -53.425581799999975, -24.945027299999936 ], [ -53.425900499999955, -24.944802099999947 ], [ -53.426118199999962, -24.944635499999947 ], [ -53.426306699999941, -24.944476 ], [ -53.426533399999983, -24.944271399999934 ], [ -53.426760299999955, -24.944037 ], [ -53.426923099999954, -24.943860599999937 ], [ -53.427129499999978, -24.94359419999995 ], [ -53.427333899999951, -24.943302199999948 ], [ -53.427504599999963, -24.943044599999951 ], [ -53.427619299999947, -24.942843399999958 ], [ -53.427673599999935, -24.942764499999953 ], [ -53.427706699999931, -24.942679899999973 ], [ -53.427855199999954, -24.942343 ], [ -53.427956199999983, -24.942071099999964 ], [ -53.428056199999958, -24.941767299999981 ], [ -53.428154599999971, -24.941372899999976 ], [ -53.42821639999994, -24.940987 ], [ -53.428251099999954, -24.940627799999959 ], [ -53.428272799999945, -24.940271 ], [ -53.428330499999959, -24.939364799999964 ], [ -53.428363899999965, -24.938841399999944 ], [ -53.42843929999998, -24.937799599999948 ], [ -53.42848, -24.937484199999972 ], [ -53.428517099999965, -24.937252299999955 ], [ -53.428565399999968, -24.937013799999932 ], [ -53.428645399999937, -24.936752099999978 ], [ -53.428761, -24.936491599999954 ], [ -53.428914099999986, -24.936181799999929 ], [ -53.429162299999973, -24.935814499999935 ], [ -53.429427799999985, -24.935507899999948 ], [ -53.42971689999996, -24.935235499999976 ], [ -53.430022299999962, -24.935007499999983 ], [ -53.430294899999978, -24.934836 ], [ -53.430595199999971, -24.934694499999978 ], [ -53.430923099999973, -24.934529299999951 ], [ -53.431475199999966, -24.934342399999935 ], [ -53.43158649999998, -24.934305 ], [ -53.432231599999966, -24.934088299999928 ], [ -53.433202299999948, -24.933760099999972 ], [ -53.433528099999933, -24.933666599999981 ], [ -53.433626299999958, -24.933632499999931 ], [ -53.433738699999935, -24.933616 ], [ -53.434231899999986, -24.933531699999946 ], [ -53.435023499999943, -24.933458299999927 ], [ -53.435736199999951, -24.933402799999953 ], [ -53.435876099999973, -24.933391899999947 ], [ -53.436465, -24.933337199999983 ], [ -53.43674859999993, -24.933296599999949 ], [ -53.437028399999974, -24.933239299999968 ], [ -53.437284799999986, -24.933182099999954 ], [ -53.437482599999953, -24.93312439999994 ], [ -53.43728109999995, -24.932954099999961 ], [ -53.437138, -24.932718 ], [ -53.437138, -24.932625 ], [ -53.436974, -24.932429 ], [ -53.436821, -24.932307 ], [ -53.436719, -24.932223 ], [ -53.436616, -24.932139 ], [ -53.436565, -24.932008 ], [ -53.436299, -24.931756 ], [ -53.436044, -24.93155 ], [ -53.43589, -24.93155 ], [ -53.435675, -24.931504 ], [ -53.43542, -24.931167 ], [ -53.435307, -24.93085 ], [ -53.435246, -24.930663 ], [ -53.435113, -24.930542 ], [ -53.434949, -24.930205 ], [ -53.434608399999945, -24.929853099999946 ], [ -53.434419599999956, -24.929296299999976 ], [ -53.433597, -24.929326299999957 ], [ -53.432985499999972, -24.92931109999995 ], [ -53.432387799999958, -24.929318099999932 ], [ -53.431291599999952, -24.929319599999928 ], [ -53.429973199999949, -24.929324599999973 ], [ -53.42908129999995, -24.929323599999975 ], [ -53.428183799999942, -24.929326799999956 ], [ -53.427395299999944, -24.929333299999939 ], [ -53.426599799999963, -24.929335699999967 ], [ -53.425835699999936, -24.929308299999946 ], [ -53.425059899999951, -24.929310499999929 ], [ -53.424162799999976, -24.929317499999968 ], [ -53.423630199999934, -24.929301199999941 ], [ -53.422627699999964, -24.929307699999981 ], [ -53.421658699999966, -24.929304699999932 ], [ -53.420656, -24.929300199999943 ], [ -53.42041, -24.92930309999997 ], [ -53.419676399999958, -24.929292799999928 ], [ -53.418683199999975, -24.92928969999997 ], [ -53.417696399999954, -24.929294 ], [ -53.416970499999934, -24.92930089999993 ], [ -53.415996099999973, -24.929292299999929 ], [ -53.415987299999983, -24.929402399999958 ], [ -53.413742799999966, -24.92941019999995 ], [ -53.411611, -24.92939819999998 ], [ -53.411548099999948, -24.929860099999928 ], [ -53.411546599999951, -24.93072559999996 ], [ -53.411570799999936, -24.931181699999968 ], [ -53.411535499999957, -24.931679899999949 ], [ -53.411640699999964, -24.93172009999995 ], [ -53.411731299999985, -24.931902099999945 ], [ -53.411833399999978, -24.932011699999975 ], [ -53.412226299999986, -24.932433099999969 ], [ -53.412293699999964, -24.932654899999932 ], [ -53.412513699999977, -24.932836899999927 ], [ -53.412724099999934, -24.933152 ], [ -53.412914099999966, -24.933326 ], [ -53.413086399999941, -24.933607799999947 ], [ -53.413279399999965, -24.933859699999971 ], [ -53.413587799999959, -24.934059899999966 ], [ -53.413913299999933, -24.934476 ], [ -53.41412859999997, -24.934545399999934 ], [ -53.414393, -24.934599699999978 ], [ -53.414730599999984, -24.934804 ], [ -53.414737, -24.934924699999954 ], [ -53.415216899999962, -24.935341299999948 ], [ -53.415887299999952, -24.935883799999942 ], [ -53.416232899999954, -24.936111199999971 ], [ -53.416634399999964, -24.936573399999929 ], [ -53.417016599999954, -24.936802099999966 ], [ -53.417408099999932, -24.937175299999979 ], [ -53.41767729999998, -24.937321699999927 ], [ -53.417799599999967, -24.937423699999954 ], [ -53.417929199999946, -24.937461699999972 ], [ -53.418115099999966, -24.937588799999958 ], [ -53.418362599999966, -24.93773159999995 ], [ -53.418551499999978, -24.937792 ] ] ] ] } },
{ "type": "Feature", "properties": { "fid": 3, "CD_REGIAO": "4", "NM_REGIAO": "Sul", "CD_UF": "41", "NM_UF": "Paraná", "CD_MUN": "4104808", "NM_MUN": "Cascavel", "CD_DIST": "410480805", "NM_DIST": "Cascavel", "CD_SUBDIST": "41048080500", "NM_SUBDIST": null, "CD_BAIRRO": "4104808027", "NM_BAIRRO": "Morumbi", "CD_RGINT": "4103", "NM_RGINT": "Cascavel", "CD_RGI": "410006", "NM_RGI": "Cascavel", "CD_CONCURB": "4104808", "NM_CONCURB": "Cascavel/PR" }, "geometry": { "type": "MultiPolygon", "coordinates": [ [ [ [ -53.406001299999957, -24.944643599999949 ], [ -53.406089099999974, -24.944535199999962 ], [ -53.406270599999971, -24.943908599999929 ], [ -53.406415099999947, -24.943506199999945 ], [ -53.406697399999985, -24.942840299999943 ], [ -53.406743099999971, -24.942713199999957 ], [ -53.406916099999933, -24.942231599999957 ], [ -53.407115299999987, -24.941668 ], [ -53.407214599999975, -24.941094799999973 ], [ -53.40727789999994, -24.940629799999954 ], [ -53.40735, -24.940204599999959 ], [ -53.407329899999979, -24.939318799999967 ], [ -53.407370399999934, -24.938815199999965 ], [ -53.407410699999957, -24.938403699999981 ], [ -53.40744959999995, -24.938068599999951 ], [ -53.407411199999956, -24.937240399999951 ], [ -53.407367099999931, -24.936763299999939 ], [ -53.407445799999948, -24.936230899999941 ], [ -53.407487099999969, -24.936023699999964 ], [ -53.407776399999932, -24.935672699999941 ], [ -53.408015, -24.935342 ], [ -53.408046299999967, -24.935031699999968 ], [ -53.408197299999983, -24.934957699999927 ], [ -53.408258599999954, -24.934788899999944 ], [ -53.40849529999997, -24.934493199999963 ], [ -53.408571699999982, -24.934179399999948 ], [ -53.408734, -24.933857199999977 ], [ -53.408821799999942, -24.933588 ], [ -53.408914799999934, -24.933397 ], [ -53.409058499999958, -24.933219599999973 ], [ -53.409236499999963, -24.933036699999946 ], [ -53.409346299999982, -24.932838199999935 ], [ -53.409421, -24.932657 ], [ -53.409317, -24.932423 ], [ -53.409352, -24.932296 ], [ -53.409479, -24.932222 ], [ -53.409561, -24.932094 ], [ -53.409712, -24.931861 ], [ -53.4097, -24.931511 ], [ -53.409572, -24.931245 ], [ -53.409526, -24.931012 ], [ -53.409526, -24.930885 ], [ -53.409403199999986, -24.93075639999995 ], [ -53.409373099999982, -24.93042319999995 ], [ -53.409442, -24.930156 ], [ -53.409398199999941, -24.929932099999974 ], [ -53.409250399999962, -24.929628399999956 ], [ -53.409246099999962, -24.929619699999932 ], [ -53.409237699999949, -24.92939679999995 ], [ -53.409369099999935, -24.929131699999971 ], [ -53.409460699999954, -24.929013899999973 ], [ -53.409467099999972, -24.928847799999971 ], [ -53.409513799999957, -24.928703499999983 ], [ -53.409593299999983, -24.928507199999956 ], [ -53.409474199999977, -24.928245799999956 ], [ -53.409401699999933, -24.928074899999956 ], [ -53.409184299999936, -24.927818699999932 ], [ -53.408881399999984, -24.927241399999957 ], [ -53.408583699999951, -24.926674499999933 ], [ -53.408231699999931, -24.926019499999938 ], [ -53.407830399999966, -24.924914199999932 ], [ -53.407861499999967, -24.923505899999952 ], [ -53.407934, -24.92248079999996 ], [ -53.407737199999985, -24.920233899999971 ], [ -53.407735899999977, -24.920026 ], [ -53.407737599999962, -24.919821199999944 ], [ -53.407626099999959, -24.919805399999973 ], [ -53.406987, -24.919708599999979 ], [ -53.405675199999962, -24.919704699999954 ], [ -53.40329909999997, -24.919698099999948 ], [ -53.400739499999986, -24.919689799999958 ], [ -53.400696899999957, -24.920207 ], [ -53.40066829999995, -24.920679299999961 ], [ -53.401878499999953, -24.921026099999949 ], [ -53.402309399999979, -24.921191699999952 ], [ -53.402687699999944, -24.921384699999976 ], [ -53.402918099999965, -24.921505899999943 ], [ -53.403213, -24.921652699999981 ], [ -53.404264799999964, -24.922176399999955 ], [ -53.404425099999969, -24.922281199999929 ], [ -53.404722699999979, -24.922387599999979 ], [ -53.40590009999994, -24.922817 ], [ -53.40314079999996, -24.923623 ], [ -53.40049259999995, -24.924285 ], [ -53.398194099999955, -24.924621199999933 ], [ -53.397550299999978, -24.924705199999948 ], [ -53.395872199999985, -24.92498779999994 ], [ -53.394023199999936, -24.925264699999957 ], [ -53.392013299999974, -24.92559289999997 ], [ -53.391826699999967, -24.92565849999994 ], [ -53.391985899999952, -24.926070799999934 ], [ -53.392405499999938, -24.927134899999942 ], [ -53.392487499999959, -24.92737139999997 ], [ -53.392747099999951, -24.928055699999959 ], [ -53.393232599999976, -24.929321699999946 ], [ -53.39357629999995, -24.930161099999964 ], [ -53.393870499999935, -24.930905099999961 ], [ -53.394060099999933, -24.930834399999981 ], [ -53.397003199999972, -24.929747099999929 ], [ -53.397037699999942, -24.929733699999929 ], [ -53.397644799999966, -24.931341699999962 ], [ -53.398325799999952, -24.932545 ], [ -53.394847499999969, -24.933437699999956 ], [ -53.395557, -24.935303 ], [ -53.396294099999977, -24.937068099999976 ], [ -53.396341899999982, -24.937196 ], [ -53.396689799999933, -24.938126299999965 ], [ -53.39737219999995, -24.939881899999932 ], [ -53.39751629999995, -24.940225 ], [ -53.397247199999981, -24.940179799999953 ], [ -53.397107099999971, -24.94004769999998 ], [ -53.397030899999947, -24.939825699999972 ], [ -53.396961499999975, -24.939776499999937 ], [ -53.394384899999977, -24.94066179999993 ], [ -53.392432199999973, -24.941295199999956 ], [ -53.39224, -24.941413099999977 ], [ -53.391459699999984, -24.941668399999969 ], [ -53.391000799999972, -24.941873899999962 ], [ -53.388493799999935, -24.942646699999955 ], [ -53.385689499999955, -24.942907899999966 ], [ -53.387272199999984, -24.94371179999996 ], [ -53.38939849999997, -24.944767699999943 ], [ -53.39009249999998, -24.945128199999942 ], [ -53.39321979999994, -24.94675239999998 ], [ -53.393420799999944, -24.946816599999977 ], [ -53.392726599999946, -24.948361599999942 ], [ -53.391030799999953, -24.952046099999961 ], [ -53.392995299999939, -24.953056699999934 ], [ -53.393332599999951, -24.953370899999982 ], [ -53.397880599999951, -24.955617199999949 ], [ -53.398171399999967, -24.95576159999996 ], [ -53.398307299999942, -24.955888799999968 ], [ -53.398632299999974, -24.956059 ], [ -53.398578, -24.954945299999963 ], [ -53.398432499999956, -24.951485699999978 ], [ -53.398875, -24.951432199999942 ], [ -53.399503299999935, -24.951443499999982 ], [ -53.400266299999942, -24.951193899999964 ], [ -53.400555199999985, -24.950912199999948 ], [ -53.401063699999952, -24.950790799999936 ], [ -53.401682899999969, -24.950973199999964 ], [ -53.401831699999946, -24.951128099999949 ], [ -53.402072699999962, -24.951239799999939 ], [ -53.402429799999936, -24.951207499999953 ], [ -53.402816599999937, -24.951191899999969 ], [ -53.402995799999985, -24.951001499999961 ], [ -53.403164799999956, -24.950693399999977 ], [ -53.40334219999994, -24.950407899999959 ], [ -53.403420299999937, -24.950044899999966 ], [ -53.403548, -24.949724799999956 ], [ -53.403691899999956, -24.949609 ], [ -53.403745599999979, -24.949495599999977 ], [ -53.403926699999943, -24.949069 ], [ -53.404082, -24.948755799999958 ], [ -53.404154499999947, -24.94842959999994 ], [ -53.404283899999939, -24.948025799999982 ], [ -53.404302099999938, -24.947777299999927 ], [ -53.404264699999942, -24.94765179999996 ], [ -53.404261599999984, -24.947299199999975 ], [ -53.404372, -24.946965699999964 ], [ -53.404604699999936, -24.946612 ], [ -53.404847299999972, -24.94632219999994 ], [ -53.405031699999938, -24.946051399999931 ], [ -53.405321199999946, -24.94556979999993 ], [ -53.405584599999941, -24.945263199999943 ], [ -53.405740399999956, -24.94495569999998 ], [ -53.406001299999957, -24.944643599999949 ] ] ] ] } },
{ "type": "Feature", "properties": { "fid": 4, "CD_REGIAO": "4", "NM_REGIAO": "Sul", "CD_UF": "41", "NM_UF": "Paraná", "CD_MUN": "4104808", "NM_MUN": "Cascavel", "CD_DIST": "410480805", "NM_DIST": "Cascavel", "CD_SUBDIST": "41048080500", "NM_SUBDIST": null, "CD_BAIRRO": "4104808001", "NM_BAIRRO": "Centro", "CD_RGINT": "4103", "NM_RGINT": "Cascavel", "CD_RGI": "410006", "NM_RGI": "Cascavel", "CD_CONCURB": "4104808", "NM_CONCURB": "Cascavel/PR" }, "geometry": { "type": "MultiPolygon", "coordinates": [ [ [ [ -53.452691, -24.947384199999931 ], [ -53.451547499999947, -24.946717099999944 ], [ -53.450435399999947, -24.946061799999939 ], [ -53.449302499999931, -24.945428099999958 ], [ -53.448161299999981, -24.944767299999967 ], [ -53.447037399999942, -24.944097899999974 ], [ -53.445907699999964, -24.943455699999959 ], [ -53.444798499999933, -24.942808599999978 ], [ -53.443648099999962, -24.942146 ], [ -53.442486499999973, -24.941482 ], [ -53.441367499999956, -24.940819599999941 ], [ -53.441344699999945, -24.940858899999967 ], [ -53.44134, -24.940867 ], [ -53.440671299999963, -24.941823199999931 ], [ -53.439997699999935, -24.942798599999946 ], [ -53.439321099999972, -24.943789099999947 ], [ -53.438619, -24.944777599999952 ], [ -53.438050699999962, -24.945562299999949 ], [ -53.438024, -24.945665399999939 ], [ -53.438574899999935, -24.945983199999944 ], [ -53.438968099999954, -24.946278799999959 ], [ -53.43913109999994, -24.946357 ], [ -53.439629299999979, -24.946609799999976 ], [ -53.440338199999985, -24.94701729999997 ], [ -53.440685099999939, -24.94721519999996 ], [ -53.441337799999985, -24.94759229999994 ], [ -53.441415899999981, -24.947637499999928 ], [ -53.441208699999947, -24.947936199999958 ], [ -53.44060049999996, -24.948842399999933 ], [ -53.439901899999938, -24.949826399999949 ], [ -53.439223, -24.950813799999935 ], [ -53.440350099999932, -24.951458299999956 ], [ -53.440749, -24.951687 ], [ -53.441462199999933, -24.95212 ], [ -53.442594299999939, -24.952771899999959 ], [ -53.443709799999965, -24.953431899999941 ], [ -53.444260199999974, -24.95373 ], [ -53.44486459999996, -24.954080899999951 ], [ -53.446049, -24.954736 ], [ -53.448379, -24.956076 ], [ -53.448889, -24.956376 ], [ -53.449376699999959, -24.956680099999971 ], [ -53.449792099999968, -24.956912699999975 ], [ -53.449814199999935, -24.957213499999966 ], [ -53.449866699999973, -24.958356099999946 ], [ -53.449958, -24.959524699999974 ], [ -53.450059899999985, -24.960720199999969 ], [ -53.450130099999967, -24.961866199999974 ], [ -53.451463299999944, -24.961798399999964 ], [ -53.452803, -24.961716399999943 ], [ -53.454138, -24.961648099999934 ], [ -53.455460899999935, -24.96157489999996 ], [ -53.456806299999982, -24.961494099999982 ], [ -53.458145599999966, -24.961405799999966 ], [ -53.459466899999939, -24.96133059999994 ], [ -53.460799299999962, -24.961265699999956 ], [ -53.46208, -24.961183099999971 ], [ -53.463374199999976, -24.961114499999951 ], [ -53.464648799999964, -24.961041199999954 ], [ -53.465874099999951, -24.96097 ], [ -53.46713, -24.960903299999927 ], [ -53.468417599999952, -24.960819799999967 ], [ -53.469710799999973, -24.960748699999954 ], [ -53.470755399999973, -24.960688499999947 ], [ -53.471786099999974, -24.960626699999978 ], [ -53.473078199999975, -24.960559099999955 ], [ -53.473959499999978, -24.960514899999964 ], [ -53.474364299999934, -24.960494599999947 ], [ -53.475711899999965, -24.960403099999951 ], [ -53.476559599999973, -24.960361299999931 ], [ -53.47695269999997, -24.960339699999963 ], [ -53.477468, -24.961474099999975 ], [ -53.478017899999941, -24.962647499999946 ], [ -53.478139099999964, -24.962929699999961 ], [ -53.478508499999975, -24.963508099999956 ], [ -53.478752499999985, -24.963774299999955 ], [ -53.479336699999976, -24.964269899999977 ], [ -53.480052299999954, -24.964773799999932 ], [ -53.480726699999934, -24.965256499999953 ], [ -53.482358, -24.964375199999949 ], [ -53.482476299999973, -24.964316599999961 ], [ -53.482062199999973, -24.963673899999947 ], [ -53.481761199999937, -24.963115699999946 ], [ -53.481442199999947, -24.962376 ], [ -53.481265299999961, -24.961430399999983 ], [ -53.481078899999943, -24.960395099999971 ], [ -53.481022199999984, -24.96008 ], [ -53.480807599999935, -24.958825699999977 ], [ -53.480587699999944, -24.957555699999943 ], [ -53.480386799999962, -24.956305599999951 ], [ -53.480329799999936, -24.955426799999941 ], [ -53.480255299999953, -24.954296899999974 ], [ -53.480244199999959, -24.95417939999993 ], [ -53.480175299999985, -24.953301499999952 ], [ -53.480101899999966, -24.952126599999929 ], [ -53.480009499999937, -24.950958299999968 ], [ -53.479936799999962, -24.949781799999982 ], [ -53.479936, -24.94977119999993 ], [ -53.479882299999986, -24.949029199999927 ], [ -53.479854099999955, -24.948623099999963 ], [ -53.479772299999979, -24.94743909999994 ], [ -53.479719399999965, -24.946673099999941 ], [ -53.479681599999935, -24.946271499999966 ], [ -53.478131399999938, -24.946361299999978 ], [ -53.477563299999986, -24.946387699999946 ], [ -53.477566099999933, -24.94640279999993 ], [ -53.477569099999982, -24.94645079999998 ], [ -53.477555099999961, -24.946539799999982 ], [ -53.477524099999982, -24.946623799999941 ], [ -53.477478099999985, -24.946700799999974 ], [ -53.477416099999971, -24.946766799999978 ], [ -53.477343099999985, -24.946817799999963 ], [ -53.477229, -24.946862 ], [ -53.477219099999957, -24.946865799999955 ], [ -53.477174099999957, -24.94687579999993 ], [ -53.477094199999954, -24.946877799999982 ], [ -53.477085099999954, -24.946877799999982 ], [ -53.476996099999951, -24.946862799999963 ], [ -53.476912099999936, -24.946829799999932 ], [ -53.476836099999957, -24.946780799999942 ], [ -53.476772099999948, -24.946717799999931 ], [ -53.476722099999961, -24.94664279999995 ], [ -53.476687099999936, -24.946560799999929 ], [ -53.476669099999981, -24.946472799999981 ], [ -53.476667899999939, -24.946444799999938 ], [ -53.476104199999952, -24.94647139999995 ], [ -53.474757899999986, -24.946549299999958 ], [ -53.473401499999966, -24.946636499999954 ], [ -53.472117899999944, -24.946713399999965 ], [ -53.47081849999995, -24.946777299999951 ], [ -53.469781899999987, -24.946838299999968 ], [ -53.469194199999947, -24.946869699999979 ], [ -53.468746199999941, -24.946893699999976 ], [ -53.467453899999953, -24.946972899999935 ], [ -53.466172399999948, -24.947053699999969 ], [ -53.464917, -24.947120599999948 ], [ -53.464912399999946, -24.947120799999936 ], [ -53.463699199999951, -24.947200099999975 ], [ -53.462406399999963, -24.947264599999983 ], [ -53.461120599999958, -24.947331499999962 ], [ -53.461118699999986, -24.947331599999927 ], [ -53.459919, -24.947406 ], [ -53.459561, -24.947411699999975 ], [ -53.458689699999979, -24.947455099999956 ], [ -53.458654799999977, -24.949822299999937 ], [ -53.457866599999932, -24.949859599999968 ], [ -53.457497299999943, -24.949915 ], [ -53.457382, -24.949949699999934 ], [ -53.457326099999932, -24.950061499999947 ], [ -53.456068099999982, -24.949332199999958 ], [ -53.454935799999987, -24.94868589999993 ], [ -53.453814799999975, -24.948041399999966 ], [ -53.452691, -24.947384199999931 ] ] ] ] } },
{ "type": "Feature", "properties": { "fid": 5, "CD_REGIAO": "4", "NM_REGIAO": "Sul", "CD_UF": "41", "NM_UF": "Paraná", "CD_MUN": "4104808", "NM_MUN": "Cascavel", "CD_DIST": "410480805", "NM_DIST": "Cascavel", "CD_SUBDIST": "41048080500", "NM_SUBDIST": null, "CD_BAIRRO": "4104808026", "NM_BAIRRO": "Periolo", "CD_RGINT": "4103", "NM_RGINT": "Cascavel", "CD_RGI": "410006", "NM_RGI": "Cascavel", "CD_CONCURB": "4104808", "NM_CONCURB": "Cascavel/PR" }, "geometry": { "type": "MultiPolygon", "coordinates": [ [ [ [ -53.414737, -24.934924699999954 ], [ -53.414730599999984, -24.934804 ], [ -53.414393, -24.934599699999978 ], [ -53.41412859999997, -24.934545399999934 ], [ -53.413913299999933, -24.934476 ], [ -53.413587799999959, -24.934059899999966 ], [ -53.413279399999965, -24.933859699999971 ], [ -53.413086399999941, -24.933607799999947 ], [ -53.412914099999966, -24.933326 ], [ -53.412724099999934, -24.933152 ], [ -53.412513699999977, -24.932836899999927 ], [ -53.412293699999964, -24.932654899999932 ], [ -53.412226299999986, -24.932433099999969 ], [ -53.411833399999978, -24.932011699999975 ], [ -53.411731299999985, -24.931902099999945 ], [ -53.411640699999964, -24.93172009999995 ], [ -53.411535499999957, -24.931679899999949 ], [ -53.411397, -24.931628 ], [ -53.411199, -24.931596 ], [ -53.410862, -24.931479 ], [ -53.410514, -24.931373 ], [ -53.410397, -24.931267 ], [ -53.410204399999941, -24.931091699999968 ], [ -53.410091399999942, -24.930957899999953 ], [ -53.409996699999965, -24.930815699999982 ], [ -53.409856099999956, -24.930692099999931 ], [ -53.409798099999932, -24.930618099999947 ], [ -53.409562799999946, -24.930399699999953 ], [ -53.409442, -24.930156 ], [ -53.409373099999982, -24.93042319999995 ], [ -53.409403199999986, -24.93075639999995 ], [ -53.409526, -24.930885 ], [ -53.409526, -24.931012 ], [ -53.409572, -24.931245 ], [ -53.4097, -24.931511 ], [ -53.409712, -24.931861 ], [ -53.409561, -24.932094 ], [ -53.409479, -24.932222 ], [ -53.409352, -24.932296 ], [ -53.409317, -24.932423 ], [ -53.409421, -24.932657 ], [ -53.409346299999982, -24.932838199999935 ], [ -53.409236499999963, -24.933036699999946 ], [ -53.409058499999958, -24.933219599999973 ], [ -53.408914799999934, -24.933397 ], [ -53.408821799999942, -24.933588 ], [ -53.408734, -24.933857199999977 ], [ -53.408571699999982, -24.934179399999948 ], [ -53.40849529999997, -24.934493199999963 ], [ -53.408258599999954, -24.934788899999944 ], [ -53.408197299999983, -24.934957699999927 ], [ -53.408046299999967, -24.935031699999968 ], [ -53.408015, -24.935342 ], [ -53.407776399999932, -24.935672699999941 ], [ -53.407487099999969, -24.936023699999964 ], [ -53.407445799999948, -24.936230899999941 ], [ -53.407367099999931, -24.936763299999939 ], [ -53.407411199999956, -24.937240399999951 ], [ -53.40744959999995, -24.938068599999951 ], [ -53.407410699999957, -24.938403699999981 ], [ -53.407370399999934, -24.938815199999965 ], [ -53.407329899999979, -24.939318799999967 ], [ -53.40735, -24.940204599999959 ], [ -53.40727789999994, -24.940629799999954 ], [ -53.407214599999975, -24.941094799999973 ], [ -53.407115299999987, -24.941668 ], [ -53.406916099999933, -24.942231599999957 ], [ -53.406743099999971, -24.942713199999957 ], [ -53.406697399999985, -24.942840299999943 ], [ -53.406415099999947, -24.943506199999945 ], [ -53.406270599999971, -24.943908599999929 ], [ -53.406089099999974, -24.944535199999962 ], [ -53.406001299999957, -24.944643599999949 ], [ -53.406307099999935, -24.944882 ], [ -53.407010399999933, -24.945449099999962 ], [ -53.407771899999943, -24.946069499999965 ], [ -53.408402499999966, -24.946593399999983 ], [ -53.409150099999977, -24.947195699999952 ], [ -53.409877399999971, -24.947795699999972 ], [ -53.410621299999946, -24.948392299999966 ], [ -53.411453799999947, -24.94907539999997 ], [ -53.411970799999949, -24.949506199999973 ], [ -53.412510199999986, -24.949950599999966 ], [ -53.41316, -24.950476799999933 ], [ -53.41381, -24.950998699999957 ], [ -53.414665199999945, -24.951699099999928 ], [ -53.414854199999979, -24.951832499999966 ], [ -53.414953, -24.951864 ], [ -53.415465899999958, -24.951345499999945 ], [ -53.415829799999983, -24.950967299999945 ], [ -53.416704899999957, -24.950066799999945 ], [ -53.417158299999983, -24.94959979999993 ], [ -53.417410799999971, -24.94936649999994 ], [ -53.417635099999984, -24.949175 ], [ -53.417963899999961, -24.948922399999958 ], [ -53.418076799999938, -24.948842599999978 ], [ -53.41818509999996, -24.948770899999943 ], [ -53.418466499999965, -24.948589099999936 ], [ -53.41875269999997, -24.948425499999928 ], [ -53.41909469999996, -24.948254099999929 ], [ -53.420160399999986, -24.947730799999931 ], [ -53.421079299999974, -24.947279599999945 ], [ -53.421666699999946, -24.946991099999934 ], [ -53.422629899999947, -24.946533899999963 ], [ -53.422532099999955, -24.946470499999975 ], [ -53.422017799999935, -24.946317499999964 ], [ -53.42162049999996, -24.946143199999938 ], [ -53.421413599999937, -24.946046 ], [ -53.421209499999975, -24.945849199999941 ], [ -53.421060299999965, -24.945772099999942 ], [ -53.420721199999946, -24.945560799999953 ], [ -53.42061769999998, -24.945251699999972 ], [ -53.420570099999964, -24.944922199999951 ], [ -53.42060429999998, -24.944441899999958 ], [ -53.420624199999963, -24.943966799999941 ], [ -53.420637, -24.943589 ], [ -53.420578, -24.943271 ], [ -53.420600199999967, -24.943131699999981 ], [ -53.420487, -24.942956199999969 ], [ -53.420331499999975, -24.942800499999976 ], [ -53.420253299999956, -24.942520399999978 ], [ -53.420204199999944, -24.942325799999935 ], [ -53.420181399999933, -24.941968199999963 ], [ -53.420115399999986, -24.941638799999964 ], [ -53.419992, -24.941242299999942 ], [ -53.419938099999968, -24.941039199999977 ], [ -53.419805799999949, -24.94071409999998 ], [ -53.419590099999937, -24.940412799999933 ], [ -53.419444899999974, -24.940161199999977 ], [ -53.419311799999946, -24.939951899999983 ], [ -53.419162399999948, -24.939596199999983 ], [ -53.419102499999951, -24.939411599999971 ], [ -53.419028899999944, -24.93924149999998 ], [ -53.418958699999962, -24.938781099999972 ], [ -53.418984599999931, -24.938428899999963 ], [ -53.418886499999985, -24.93816279999993 ], [ -53.418803799999978, -24.937898299999972 ], [ -53.418551499999978, -24.937792 ], [ -53.418362599999966, -24.93773159999995 ], [ -53.418115099999966, -24.937588799999958 ], [ -53.417929199999946, -24.937461699999972 ], [ -53.417799599999967, -24.937423699999954 ], [ -53.41767729999998, -24.937321699999927 ], [ -53.417408099999932, -24.937175299999979 ], [ -53.417016599999954, -24.936802099999966 ], [ -53.416634399999964, -24.936573399999929 ], [ -53.416232899999954, -24.936111199999971 ], [ -53.415887299999952, -24.935883799999942 ], [ -53.415216899999962, -24.935341299999948 ], [ -53.414737, -24.934924699999954 ] ] ] ] } },
{ "type": "Feature", "properties": { "fid": 6, "CD_REGIAO": "4", "NM_REGIAO": "Sul", "CD_UF": "41", "NM_UF": "Paraná", "CD_MUN": "4104808", "NM_MUN": "Cascavel", "CD_DIST": "410480805", "NM_DIST": "Cascavel", "CD_SUBDIST": "41048080500", "NM_SUBDIST": null, "CD_BAIRRO": "4104808004", "NM_BAIRRO": "Country", "CD_RGINT": "4103", "NM_RGINT": "Cascavel", "CD_RGI": "410006", "NM_RGI": "Cascavel", "CD_CONCURB": "4104808", "NM_CONCURB": "Cascavel/PR" }, "geometry": { "type": "MultiPolygon", "coordinates": [ [ [ [ -53.444116099999974, -24.936861699999952 ], [ -53.443425199999979, -24.93785029999998 ], [ -53.442737499999964, -24.938835 ], [ -53.442054599999949, -24.93984219999993 ], [ -53.441367499999956, -24.940819599999941 ], [ -53.442486499999973, -24.941482 ], [ -53.443648099999962, -24.942146 ], [ -53.444798499999933, -24.942808599999978 ], [ -53.445907699999964, -24.943455699999959 ], [ -53.447037399999942, -24.944097899999974 ], [ -53.448161299999981, -24.944767299999967 ], [ -53.449302499999931, -24.945428099999958 ], [ -53.450435399999947, -24.946061799999939 ], [ -53.451547499999947, -24.946717099999944 ], [ -53.452691, -24.947384199999931 ], [ -53.453814799999975, -24.948041399999966 ], [ -53.454935799999987, -24.94868589999993 ], [ -53.456068099999982, -24.949332199999958 ], [ -53.457326099999932, -24.950061499999947 ], [ -53.457382, -24.949949699999934 ], [ -53.457497299999943, -24.949915 ], [ -53.457866599999932, -24.949859599999968 ], [ -53.458654799999977, -24.949822299999937 ], [ -53.458689699999979, -24.947455099999956 ], [ -53.458402899999953, -24.943735299999958 ], [ -53.458257, -24.941843 ], [ -53.45889429999994, -24.941601499999933 ], [ -53.459212499999978, -24.941368599999976 ], [ -53.459612299999947, -24.941004699999951 ], [ -53.459932099999946, -24.940674599999966 ], [ -53.460498, -24.940078 ], [ -53.460786, -24.939721 ], [ -53.460957099999973, -24.939503699999932 ], [ -53.461563299999966, -24.939014799999939 ], [ -53.461827599999936, -24.938964 ], [ -53.46195819999997, -24.938890499999957 ], [ -53.46156179999997, -24.938784 ], [ -53.461097499999937, -24.938417899999934 ], [ -53.460187399999938, -24.937719199999947 ], [ -53.459788099999969, -24.937478699999929 ], [ -53.459561699999938, -24.937449899999933 ], [ -53.459182, -24.937299 ], [ -53.458781, -24.937205 ], [ -53.45837, -24.937055 ], [ -53.458113, -24.936848 ], [ -53.457866, -24.936642 ], [ -53.457527, -24.936397 ], [ -53.457126, -24.936266 ], [ -53.456828, -24.936172 ], [ -53.456643, -24.936013 ], [ -53.456479, -24.935815 ], [ -53.456376, -24.935712 ], [ -53.456098, -24.935712 ], [ -53.455934, -24.935675 ], [ -53.455862, -24.935477 ], [ -53.455841, -24.935308 ], [ -53.455656, -24.935144 ], [ -53.455615, -24.934994 ], [ -53.455513, -24.934919 ], [ -53.455245, -24.934778 ], [ -53.45505, -24.934703 ], [ -53.454742, -24.934656 ], [ -53.454557, -24.934656 ], [ -53.454433, -24.934562 ], [ -53.45432, -24.934402 ], [ -53.454238, -24.934299 ], [ -53.454094, -24.934252 ], [ -53.453991, -24.934243 ], [ -53.453868, -24.934196 ], [ -53.453724, -24.934102 ], [ -53.45358, -24.934064 ], [ -53.453395, -24.934027 ], [ -53.453128, -24.933989 ], [ -53.452984, -24.933905 ], [ -53.452601299999969, -24.933772499999975 ], [ -53.452254099999948, -24.933588699999973 ], [ -53.452048599999955, -24.933520199999975 ], [ -53.451523599999973, -24.933106199999941 ], [ -53.451195599999949, -24.932937799999934 ], [ -53.450665299999969, -24.932744599999978 ], [ -53.450480299999981, -24.932519599999978 ], [ -53.450538, -24.93222 ], [ -53.450548, -24.93176 ], [ -53.450476, -24.931637 ], [ -53.45025, -24.931591 ], [ -53.450198, -24.931544 ], [ -53.450198, -24.93144 ], [ -53.450198, -24.931281 ], [ -53.449952, -24.931168 ], [ -53.449407, -24.93099 ], [ -53.449201, -24.930924 ], [ -53.448571699999945, -24.930605899999932 ], [ -53.44852439999994, -24.930718299999967 ], [ -53.448246899999958, -24.931119399999943 ], [ -53.447898699999939, -24.931440699999939 ], [ -53.447564299999954, -24.931899599999952 ], [ -53.446831499999973, -24.932943299999977 ], [ -53.446170399999971, -24.933891699999947 ], [ -53.445486099999982, -24.934873399999958 ], [ -53.444789299999968, -24.935873199999946 ], [ -53.444116099999974, -24.936861699999952 ] ] ] ] } },
{ "type": "Feature", "properties": { "fid": 7, "CD_REGIAO": "4", "NM_REGIAO": "Sul", "CD_UF": "41", "NM_UF": "Paraná", "CD_MUN": "4104808", "NM_MUN": "Cascavel", "CD_DIST": "410480805", "NM_DIST": "Cascavel", "CD_SUBDIST": "41048080500", "NM_SUBDIST": null, "CD_BAIRRO": "4104808038", "NM_BAIRRO": "Santa Cruz", "CD_RGINT": "4103", "NM_RGINT": "Cascavel", "CD_RGI": "410006", "NM_RGI": "Cascavel", "CD_CONCURB": "4104808", "NM_CONCURB": "Cascavel/PR" }, "geometry": { "type": "MultiPolygon", "coordinates": [ [ [ [ -53.501877, -24.978091 ], [ -53.502313199999946, -24.977425199999971 ], [ -53.502956599999948, -24.976345099999946 ], [ -53.503043, -24.9762 ], [ -53.503511199999934, -24.975446699999964 ], [ -53.504041799999982, -24.974552199999948 ], [ -53.50459, -24.973662899999965 ], [ -53.50493, -24.973121599999956 ], [ -53.505083, -24.97289319999993 ], [ -53.505195399999934, -24.972715899999969 ], [ -53.505676, -24.971912399999951 ], [ -53.50605829999995, -24.971264899999937 ], [ -53.506064199999969, -24.971253599999955 ], [ -53.50620779999997, -24.970976899999982 ], [ -53.506318399999941, -24.970188899999982 ], [ -53.506354299999941, -24.969700899999964 ], [ -53.506413799999962, -24.969141199999967 ], [ -53.506496799999979, -24.968364299999962 ], [ -53.506506599999966, -24.968251299999963 ], [ -53.50652, -24.968095 ], [ -53.506628199999966, -24.96705819999994 ], [ -53.506668099999956, -24.966771499999936 ], [ -53.506752799999958, -24.966047299999957 ], [ -53.506757499999935, -24.96600669999998 ], [ -53.506794799999966, -24.965662599999973 ], [ -53.506857099999934, -24.965087899999958 ], [ -53.506866899999977, -24.964997399999959 ], [ -53.506889299999955, -24.964828799999964 ], [ -53.506922299999985, -24.964503099999945 ], [ -53.506979099999967, -24.963943299999983 ], [ -53.507085399999937, -24.962895599999968 ], [ -53.507205099999965, -24.96186 ], [ -53.507238599999937, -24.961594199999979 ], [ -53.507302599999946, -24.960978199999943 ], [ -53.507389899999964, -24.960231799999974 ], [ -53.507448199999942, -24.959771499999931 ], [ -53.507577199999957, -24.958762199999967 ], [ -53.50761289999997, -24.958660899999927 ], [ -53.507715099999984, -24.958369599999969 ], [ -53.507998499999985, -24.957680399999958 ], [ -53.508402599999954, -24.956562899999938 ], [ -53.508800899999983, -24.955438 ], [ -53.509257599999955, -24.954317899999978 ], [ -53.509586499999955, -24.953435599999978 ], [ -53.509934, -24.952532599999984 ], [ -53.509974599999964, -24.95242 ], [ -53.50881069999997, -24.952484899999945 ], [ -53.508349, -24.952510699999948 ], [ -53.507790499999942, -24.95254239999997 ], [ -53.506765299999984, -24.952600399999938 ], [ -53.50574469999998, -24.952664 ], [ -53.505742399999974, -24.952661499999977 ], [ -53.50574, -24.952659 ], [ -53.505737599999975, -24.952656599999955 ], [ -53.505735199999947, -24.952654199999984 ], [ -53.505732699999953, -24.952651899999978 ], [ -53.505730099999937, -24.952649599999972 ], [ -53.505727599999943, -24.952647299999967 ], [ -53.505725, -24.952645099999927 ], [ -53.505722299999945, -24.952643 ], [ -53.505719599999964, -24.952640899999949 ], [ -53.505716899999982, -24.952638799999932 ], [ -53.505714199999943, -24.952636799999937 ], [ -53.505711399999939, -24.952634799999942 ], [ -53.505708499999969, -24.952632899999969 ], [ -53.505705699999965, -24.952631 ], [ -53.505702799999938, -24.952629199999933 ], [ -53.505699899999968, -24.952627499999949 ], [ -53.505696899999975, -24.952625699999942 ], [ -53.505694, -24.95262409999998 ], [ -53.505690899999934, -24.952622499999961 ], [ -53.505687899999941, -24.952620899999943 ], [ -53.505684799999983, -24.952619399999946 ], [ -53.505681799999934, -24.952618 ], [ -53.505678599999953, -24.952616599999942 ], [ -53.505675499999938, -24.952615199999968 ], [ -53.505672299999958, -24.95261389999996 ], [ -53.505669199999943, -24.952612699999975 ], [ -53.505666, -24.952611499999932 ], [ -53.505662699999959, -24.952610399999969 ], [ -53.505659499999979, -24.952609299999949 ], [ -53.505656199999976, -24.952608299999952 ], [ -53.505639699999961, -24.952604099999974 ], [ -53.505636399999958, -24.952603499999952 ], [ -53.505633, -24.952602899999931 ], [ -53.505629599999963, -24.952602299999967 ], [ -53.505626199999938, -24.952601899999934 ], [ -53.505622899999935, -24.952601399999935 ], [ -53.505619499999966, -24.952601099999981 ], [ -53.505616099999941, -24.952600699999948 ], [ -53.505612699999972, -24.95260049999996 ], [ -53.505609299999946, -24.952600299999972 ], [ -53.505605799999955, -24.952600199999949 ], [ -53.505602399999987, -24.952600099999927 ], [ -53.505599, -24.952600099999927 ], [ -53.505595599999936, -24.952600199999949 ], [ -53.505592199999967, -24.952600299999972 ], [ -53.505588799999941, -24.952600399999938 ], [ -53.505585399999973, -24.952600699999948 ], [ -53.505582, -24.952600899999936 ], [ -53.505578599999978, -24.952601299999969 ], [ -53.505575199999953, -24.952601699999946 ], [ -53.505571799999984, -24.952602199999944 ], [ -53.505568399999959, -24.952602699999943 ], [ -53.505565099999956, -24.952603299999964 ], [ -53.505561699999987, -24.952603899999929 ], [ -53.505558399999984, -24.952604599999972 ], [ -53.505555099999981, -24.952605399999982 ], [ -53.505551799999978, -24.952606199999934 ], [ -53.505548499999975, -24.952607 ], [ -53.505545199999972, -24.952608 ], [ -53.505541899999969, -24.952609 ], [ -53.505538699999931, -24.95261 ], [ -53.505535399999985, -24.952611099999956 ], [ -53.505532199999948, -24.952612299999942 ], [ -53.505529, -24.952613499999927 ], [ -53.505525899999952, -24.95261469999997 ], [ -53.505522699999972, -24.952616099999943 ], [ -53.505519599999957, -24.952617499999974 ], [ -53.505516499999942, -24.952618899999948 ], [ -53.505513399999984, -24.952620399999944 ], [ -53.505510399999935, -24.95262189999994 ], [ -53.505507399999942, -24.952623499999959 ], [ -53.50550439999995, -24.952625099999977 ], [ -53.505501399999957, -24.952626799999962 ], [ -53.505498499999931, -24.952628599999969 ], [ -53.505495599999961, -24.952630399999975 ], [ -53.505492699999934, -24.952632199999982 ], [ -53.505489899999986, -24.952634099999955 ], [ -53.505484299999978, -24.952638099999945 ], [ -53.505476199999976, -24.95264439999994 ], [ -53.505471, -24.952648799999963 ], [ -53.505463499999962, -24.95265569999998 ], [ -53.505456399999957, -24.952663099999938 ], [ -53.505449599999963, -24.952670799999964 ], [ -53.505445399999985, -24.952676099999962 ], [ -53.505439299999978, -24.952684399999953 ], [ -53.505074199999967, -24.952706599999942 ], [ -53.50443439999998, -24.952745399999969 ], [ -53.503923899999961, -24.952774399999953 ], [ -53.503332399999977, -24.952819799999929 ], [ -53.502717299999972, -24.952856899999972 ], [ -53.502144, -24.952887499999974 ], [ -53.502151599999934, -24.953010699999936 ], [ -53.502753699999971, -24.952979899999946 ], [ -53.502896199999952, -24.953608 ], [ -53.503132499999936, -24.95456919999998 ], [ -53.50337589999998, -24.955538 ], [ -53.503618, -24.95649659999998 ], [ -53.502445399999942, -24.956735799999933 ], [ -53.501283699999931, -24.956974099999968 ], [ -53.50013359999997, -24.957212799999979 ], [ -53.498979799999972, -24.957445399999983 ], [ -53.497855099999981, -24.957686199999955 ], [ -53.497716399999945, -24.957719 ], [ -53.497685099999956, -24.958010299999955 ], [ -53.49767989999998, -24.958448699999963 ], [ -53.497739499999966, -24.95881769999994 ], [ -53.49775429999994, -24.959318399999972 ], [ -53.497727299999951, -24.959726699999976 ], [ -53.497655, -24.959892299999979 ], [ -53.497606399999938, -24.960093399999948 ], [ -53.497493399999939, -24.960374399999978 ], [ -53.49744869999995, -24.960614499999963 ], [ -53.497376899999949, -24.960827499999937 ], [ -53.496964099999957, -24.961367399999972 ], [ -53.496626399999968, -24.961756399999956 ], [ -53.496048099999939, -24.962436699999955 ], [ -53.495755799999984, -24.962777499999959 ], [ -53.495466699999952, -24.963112599999931 ], [ -53.495285199999955, -24.963381199999958 ], [ -53.494986399999959, -24.963831899999946 ], [ -53.49463609999998, -24.964389899999958 ], [ -53.494498099999987, -24.964592099999948 ], [ -53.494341, -24.965074499999957 ], [ -53.494093899999939, -24.96580419999998 ], [ -53.494072899999935, -24.966259899999955 ], [ -53.494189899999981, -24.966668299999981 ], [ -53.49419249999994, -24.966980099999944 ], [ -53.494097, -24.967477699999961 ], [ -53.49404, -24.967656 ], [ -53.494006399999932, -24.968042599999933 ], [ -53.494001399999945, -24.968444499999976 ], [ -53.493965899999978, -24.968886599999962 ], [ -53.493835299999944, -24.969123699999955 ], [ -53.493744899999967, -24.969569 ], [ -53.493701299999941, -24.969756299999972 ], [ -53.493585199999984, -24.96993329999998 ], [ -53.493484399999943, -24.970123099999967 ], [ -53.493201399999975, -24.970374099999958 ], [ -53.492982, -24.970498 ], [ -53.49278, -24.970653 ], [ -53.492586, -24.97083 ], [ -53.492481, -24.970985 ], [ -53.492489, -24.971125 ], [ -53.492497, -24.971288 ], [ -53.492448, -24.971509 ], [ -53.49223, -24.971767 ], [ -53.491947, -24.97193 ], [ -53.491769, -24.972129 ], [ -53.491737, -24.972306 ], [ -53.491721, -24.972535 ], [ -53.49163649999997, -24.972735399999976 ], [ -53.491827599999965, -24.973125899999957 ], [ -53.49406259999995, -24.974687 ], [ -53.495157199999937, -24.975481299999956 ], [ -53.496306, -24.976299 ], [ -53.497426299999972, -24.977072699999951 ], [ -53.49779, -24.97736969999994 ], [ -53.498003399999959, -24.977558199999976 ], [ -53.49833719999998, -24.977902099999937 ], [ -53.498053, -24.977969899999948 ], [ -53.498521399999959, -24.97837549999997 ], [ -53.498855, -24.978706399999965 ], [ -53.499088299999983, -24.978937799999983 ], [ -53.499201, -24.979091499999981 ], [ -53.499262499999986, -24.97925209999994 ], [ -53.499279799999954, -24.979332099999965 ], [ -53.499289399999952, -24.979410199999961 ], [ -53.499297399999932, -24.979524599999934 ], [ -53.4993, -24.979619699999944 ], [ -53.4993, -24.979732799999965 ], [ -53.49928959999994, -24.979997399999945 ], [ -53.499465, -24.980076099999962 ], [ -53.499900599999933, -24.980310499999973 ], [ -53.500002699999982, -24.980371799999944 ], [ -53.500146199999961, -24.980428599999982 ], [ -53.500219899999934, -24.980448099999933 ], [ -53.500290799999959, -24.980453499999953 ], [ -53.500347399999953, -24.980433699999935 ], [ -53.500396299999977, -24.980404799999974 ], [ -53.500431, -24.980366299999957 ], [ -53.500451699999985, -24.98030179999995 ], [ -53.500452499999938, -24.980262899999957 ], [ -53.50044459999998, -24.980207399999983 ], [ -53.500438899999949, -24.980190299999947 ], [ -53.500433299999941, -24.98015769999995 ], [ -53.500432899999964, -24.980139699999938 ], [ -53.500434399999961, -24.980121699999927 ], [ -53.500437699999964, -24.980104 ], [ -53.500442899999939, -24.980086699999958 ], [ -53.500449899999978, -24.98007 ], [ -53.500458499999979, -24.980054199999984 ], [ -53.500468799999965, -24.980039399999953 ], [ -53.500480599999946, -24.980025699999942 ], [ -53.500493699999936, -24.980013299999939 ], [ -53.500508099999934, -24.980002399999933 ], [ -53.500537, -24.979986499999939 ], [ -53.500636399999962, -24.979945099999952 ], [ -53.500701899999967, -24.979925299999934 ], [ -53.500760199999945, -24.979889399999934 ], [ -53.500837699999977, -24.979821399999935 ], [ -53.501151, -24.979312799999946 ], [ -53.501721399999951, -24.978376899999944 ], [ -53.501877, -24.978091 ] ] ] ] } },
{ "type": "Feature", "properties": { "fid": 8, "CD_REGIAO": "4", "NM_REGIAO": "Sul", "CD_UF": "41", "NM_UF": "Paraná", "CD_MUN": "4104808", "NM_MUN": "Cascavel", "CD_DIST": "410480805", "NM_DIST": "Cascavel", "CD_SUBDIST": "41048080500", "NM_SUBDIST": null, "CD_BAIRRO": "4104808030", "NM_BAIRRO": "Cascavel Velho", "CD_RGINT": "4103", "NM_RGINT": "Cascavel", "CD_RGI": "410006", "NM_RGI": "Cascavel", "CD_CONCURB": "4104808", "NM_CONCURB": "Cascavel/PR" }, "geometry": { "type": "MultiPolygon", "coordinates": [ [ [ [ -53.40812619999997, -24.964532499999962 ], [ -53.407722899999953, -24.964577799999972 ], [ -53.407139399999949, -24.96465859999995 ], [ -53.406943599999977, -24.964706899999953 ], [ -53.406690799999978, -24.964769199999978 ], [ -53.406067199999939, -24.964973 ], [ -53.40564569999998, -24.96515949999997 ], [ -53.405103399999973, -24.965453099999934 ], [ -53.404392799999982, -24.965851699999973 ], [ -53.402890299999967, -24.966700899999978 ], [ -53.402142399999946, -24.967133599999954 ], [ -53.401790799999958, -24.967333899999971 ], [ -53.401042599999982, -24.967760099999964 ], [ -53.400656099999935, -24.967986 ], [ -53.399320599999953, -24.968766499999958 ], [ -53.398018399999955, -24.96948139999995 ], [ -53.397220399999981, -24.969944299999952 ], [ -53.396152499999971, -24.970547499999952 ], [ -53.396673899999939, -24.97511309999993 ], [ -53.395729699999947, -24.975145599999962 ], [ -53.396302699999978, -24.976020399999982 ], [ -53.398641299999952, -24.978248899999983 ], [ -53.40053469999998, -24.976784499999951 ], [ -53.404645, -24.980786899999941 ], [ -53.405618599999968, -24.983310599999982 ], [ -53.413133599999981, -24.980409099999974 ], [ -53.413704399999972, -24.980733499999928 ], [ -53.414090899999962, -24.980934199999979 ], [ -53.414905799999985, -24.980295799999965 ], [ -53.416047499999934, -24.979207699999961 ], [ -53.417066499999976, -24.978282799999931 ], [ -53.417075299999965, -24.978274799999951 ], [ -53.417162499999961, -24.978271699999937 ], [ -53.418581299999971, -24.977042299999937 ], [ -53.418624499999964, -24.977062099999955 ], [ -53.418715199999951, -24.977103199999931 ], [ -53.418742899999984, -24.977115699999956 ], [ -53.418801099999939, -24.97783979999997 ], [ -53.418323499999985, -24.978291199999944 ], [ -53.417953399999931, -24.978693899999939 ], [ -53.417043099999944, -24.979601499999944 ], [ -53.416136199999983, -24.980479 ], [ -53.415031, -24.981556699999942 ], [ -53.415297299999963, -24.981780799999967 ], [ -53.41525919999998, -24.981876099999965 ], [ -53.41548789999996, -24.981990399999972 ], [ -53.415983199999971, -24.983190699999966 ], [ -53.416402399999981, -24.983686099999943 ], [ -53.416516699999931, -24.984067099999947 ], [ -53.41718359999993, -24.984505399999932 ], [ -53.417621799999949, -24.984676799999932 ], [ -53.418174299999976, -24.984905499999968 ], [ -53.418422, -24.985286499999972 ], [ -53.418726799999945, -24.985286499999972 ], [ -53.418669699999953, -24.985534199999961 ], [ -53.419012599999974, -24.985572299999944 ], [ -53.419374599999969, -24.985572299999944 ], [ -53.419908099999986, -24.985458 ], [ -53.420346299999949, -24.985400799999979 ], [ -53.420613099999969, -24.985362699999939 ], [ -53.421260899999936, -24.985400799999979 ], [ -53.421851499999946, -24.985534199999961 ], [ -53.422385, -24.985762799999975 ], [ -53.422785099999942, -24.985953399999971 ], [ -53.423147099999937, -24.986277299999983 ], [ -53.422804099999951, -24.986867899999936 ], [ -53.422842199999934, -24.98736329999997 ], [ -53.422937499999932, -24.987782399999958 ], [ -53.423299499999985, -24.98806819999993 ], [ -53.42366149999998, -24.98806819999993 ], [ -53.424023499999976, -24.987915799999939 ], [ -53.424480799999969, -24.988049199999978 ], [ -53.424919, -24.988182499999937 ], [ -53.425357199999951, -24.988296899999966 ], [ -53.425890699999968, -24.98852549999998 ], [ -53.426309799999956, -24.988811299999952 ], [ -53.426481299999978, -24.989097099999981 ], [ -53.426538499999936, -24.989611499999967 ], [ -53.426614699999959, -24.990049699999929 ], [ -53.426709899999935, -24.990335499999958 ], [ -53.426818899999944, -24.990652799999964 ], [ -53.427052099999969, -24.991001099999949 ], [ -53.427390899999978, -24.991260099999977 ], [ -53.427775299999951, -24.991465799999958 ], [ -53.42814119999997, -24.991586599999948 ], [ -53.428462399999944, -24.991798899999935 ], [ -53.428742199999931, -24.992116799999962 ], [ -53.429346799999962, -24.992309199999966 ], [ -53.429704899999933, -24.99269419999996 ], [ -53.430069599999968, -24.992926699999941 ], [ -53.430364699999984, -24.993486099999927 ], [ -53.433994699999971, -24.99361609999994 ], [ -53.43574289999998, -24.993665199999953 ], [ -53.435613, -24.993271 ], [ -53.435778, -24.992368 ], [ -53.435723, -24.992155 ], [ -53.435819, -24.991941 ], [ -53.436012, -24.991703 ], [ -53.436039, -24.991528 ], [ -53.436149, -24.99139 ], [ -53.436341, -24.991302 ], [ -53.436437, -24.991076 ], [ -53.436383399999954, -24.990777599999944 ], [ -53.436176299999943, -24.990746499999943 ], [ -53.435756899999944, -24.990762 ], [ -53.435202899999979, -24.990710299999932 ], [ -53.434830199999965, -24.990503199999978 ], [ -53.434788799999978, -24.99009419999993 ], [ -53.434964799999932, -24.989726599999983 ], [ -53.435213299999987, -24.989436599999976 ], [ -53.435482499999978, -24.98931239999996 ], [ -53.435601599999984, -24.989100099999973 ], [ -53.435637799999938, -24.988929299999938 ], [ -53.435435899999959, -24.988566799999944 ], [ -53.435166699999968, -24.988292399999978 ], [ -53.43507859999994, -24.98799189999994 ], [ -53.435072, -24.98796939999994 ], [ -53.435056699999961, -24.987511499999982 ], [ -53.435026899999968, -24.987184499999955 ], [ -53.435133099999973, -24.986951499999975 ], [ -53.435306499999967, -24.986705599999937 ], [ -53.435557599999981, -24.986340599999949 ], [ -53.435549799999933, -24.98603769999994 ], [ -53.435294299999953, -24.985715599999935 ], [ -53.435170199999959, -24.985153199999957 ], [ -53.43509419999998, -24.984766699999966 ], [ -53.435006199999975, -24.984430199999963 ], [ -53.435109799999964, -24.984078099999977 ], [ -53.435327199999961, -24.983513799999969 ], [ -53.435513599999979, -24.983146199999965 ], [ -53.435622299999977, -24.982783799999936 ], [ -53.435798299999931, -24.982618099999968 ], [ -53.436150399999974, -24.982457599999975 ], [ -53.436357499999986, -24.982374799999945 ], [ -53.436497299999985, -24.982183199999952 ], [ -53.436667, -24.981988 ], [ -53.436887, -24.981912 ], [ -53.437093, -24.981912 ], [ -53.437247799999966, -24.981898499999943 ], [ -53.437315299999966, -24.981826 ], [ -53.43736709999996, -24.981727599999942 ], [ -53.437370399999963, -24.981593699999962 ], [ -53.437272, -24.981523 ], [ -53.436811199999966, -24.981414299999983 ], [ -53.436289199999976, -24.981352299999969 ], [ -53.435959199999957, -24.981454 ], [ -53.435478199999977, -24.981604 ], [ -53.435350299999982, -24.981363499999929 ], [ -53.435358299999962, -24.980860399999983 ], [ -53.43538929999994, -24.980544599999973 ], [ -53.43540489999998, -24.980233899999973 ], [ -53.435423299999968, -24.980198299999984 ], [ -53.435490299999969, -24.980068299999971 ], [ -53.435560199999941, -24.979824899999983 ], [ -53.435485099999937, -24.979560899999967 ], [ -53.435539499999948, -24.979014699999937 ], [ -53.435508399999947, -24.978538399999934 ], [ -53.435433299999943, -24.978201799999965 ], [ -53.435415199999966, -24.977901499999973 ], [ -53.435552399999949, -24.977241399999969 ], [ -53.435438499999975, -24.976930799999934 ], [ -53.435294899999974, -24.976702399999965 ], [ -53.43514179999994, -24.976247499999943 ], [ -53.435018099999979, -24.975472699999955 ], [ -53.435008899999957, -24.975145199999929 ], [ -53.435106399999938, -24.974131 ], [ -53.435096, -24.973446899999942 ], [ -53.435045, -24.972236499999951 ], [ -53.4345, -24.971981 ], [ -53.433698, -24.971582 ], [ -53.433089, -24.971279 ], [ -53.432072, -24.970749 ], [ -53.431861599999934, -24.970639399999982 ], [ -53.430713, -24.970041 ], [ -53.430305, -24.969828 ], [ -53.428442299999972, -24.968851099999938 ], [ -53.427581399999951, -24.96840149999997 ], [ -53.427287, -24.968248399999936 ], [ -53.427025899999933, -24.968046099999981 ], [ -53.426832499999932, -24.967738699999927 ], [ -53.426290299999948, -24.96745569999996 ], [ -53.424990199999968, -24.966791699999931 ], [ -53.424621499999944, -24.96660049999997 ], [ -53.424570099999983, -24.966674599999976 ], [ -53.424537799999939, -24.966759 ], [ -53.424520599999937, -24.966804199999956 ], [ -53.424170599999968, -24.966622699999959 ], [ -53.423868299999981, -24.966466 ], [ -53.423202299999957, -24.966089499999953 ], [ -53.42260639999995, -24.965805499999931 ], [ -53.42093129999995, -24.964927199999977 ], [ -53.419599099999971, -24.964247099999966 ], [ -53.419251799999984, -24.964093599999956 ], [ -53.41893349999998, -24.963975599999969 ], [ -53.418481499999984, -24.963839599999972 ], [ -53.41819339999995, -24.963768699999946 ], [ -53.41787359999995, -24.963710899999967 ], [ -53.417247699999962, -24.963639199999932 ], [ -53.41710489999997, -24.963635199999942 ], [ -53.416968899999972, -24.963625 ], [ -53.416594399999951, -24.963629599999933 ], [ -53.416533399999935, -24.963630399999943 ], [ -53.415918199999965, -24.96367859999998 ], [ -53.415707199999986, -24.963699499999962 ], [ -53.415398799999934, -24.963730099999964 ], [ -53.414003099999945, -24.963869599999953 ], [ -53.410617599999966, -24.964233499999978 ], [ -53.410096599999974, -24.964292399999977 ], [ -53.408265, -24.964516699999933 ], [ -53.40812619999997, -24.964532499999962 ] ] ] ] } },
{ "type": "Feature", "properties": { "fid": 9, "CD_REGIAO": "4", "NM_REGIAO": "Sul", "CD_UF": "41", "NM_UF": "Paraná", "CD_MUN": "4104808", "NM_MUN": "Cascavel", "CD_DIST": "410480805", "NM_DIST": "Cascavel", "CD_SUBDIST": "41048080500", "NM_SUBDIST": null, "CD_BAIRRO": "4104808037", "NM_BAIRRO": "Esmeralda", "CD_RGINT": "4103", "NM_RGINT": "Cascavel", "CD_RGI": "410006", "NM_RGI": "Cascavel", "CD_CONCURB": "4104808", "NM_CONCURB": "Cascavel/PR" }, "geometry": { "type": "MultiPolygon", "coordinates": [ [ [ [ -53.513487899999973, -24.968864799999949 ], [ -53.513538, -24.968886 ], [ -53.513765, -24.968561 ], [ -53.514104, -24.96834 ], [ -53.514524, -24.968074 ], [ -53.514815, -24.967469 ], [ -53.514889, -24.967168399999935 ], [ -53.514993, -24.966746 ], [ -53.515203, -24.966436 ], [ -53.515704, -24.966156 ], [ -53.516044, -24.965846 ], [ -53.516157, -24.965506 ], [ -53.515969799999937, -24.965428899999949 ], [ -53.515834, -24.965373 ], [ -53.516028, -24.96496 ], [ -53.516145599999959, -24.964787899999976 ], [ -53.516472, -24.96431 ], [ -53.516500399999984, -24.964275599999951 ], [ -53.51707, -24.963587 ], [ -53.517345, -24.963012 ], [ -53.517571, -24.962702 ], [ -53.517797, -24.962436 ], [ -53.518, -24.962216 ], [ -53.518163399999935, -24.961925199999939 ], [ -53.518290699999966, -24.961782199999959 ], [ -53.518515699999966, -24.961458299999947 ], [ -53.518928499999959, -24.960980599999971 ], [ -53.519395599999939, -24.960651599999949 ], [ -53.515782799999954, -24.959356 ], [ -53.515534799999955, -24.959289499999954 ], [ -53.51452519999998, -24.95887689999995 ], [ -53.514032899999961, -24.958690499999932 ], [ -53.513515699999971, -24.958494099999939 ], [ -53.512978299999986, -24.958294099999932 ], [ -53.512472799999955, -24.958083699999975 ], [ -53.51195, -24.957872899999927 ], [ -53.511464599999954, -24.957678599999952 ], [ -53.510969599999953, -24.957496499999934 ], [ -53.510435799999982, -24.957282199999952 ], [ -53.509922599999982, -24.957080399999938 ], [ -53.509427199999948, -24.956893599999944 ], [ -53.508940299999949, -24.956704599999966 ], [ -53.508562199999972, -24.95655249999993 ], [ -53.508402599999954, -24.956562899999938 ], [ -53.507998499999985, -24.957680399999958 ], [ -53.507715099999984, -24.958369599999969 ], [ -53.50761289999997, -24.958660899999927 ], [ -53.507577199999957, -24.958762199999967 ], [ -53.507448199999942, -24.959771499999931 ], [ -53.507389899999964, -24.960231799999974 ], [ -53.507302599999946, -24.960978199999943 ], [ -53.507238599999937, -24.961594199999979 ], [ -53.507205099999965, -24.96186 ], [ -53.507085399999937, -24.962895599999968 ], [ -53.506979099999967, -24.963943299999983 ], [ -53.506922299999985, -24.964503099999945 ], [ -53.506889299999955, -24.964828799999964 ], [ -53.506866899999977, -24.964997399999959 ], [ -53.506857099999934, -24.965087899999958 ], [ -53.506794799999966, -24.965662599999973 ], [ -53.506757499999935, -24.96600669999998 ], [ -53.506752799999958, -24.966047299999957 ], [ -53.506668099999956, -24.966771499999936 ], [ -53.506628199999966, -24.96705819999994 ], [ -53.50652, -24.968095 ], [ -53.506506599999966, -24.968251299999963 ], [ -53.506496799999979, -24.968364299999962 ], [ -53.506413799999962, -24.969141199999967 ], [ -53.506354299999941, -24.969700899999964 ], [ -53.506318399999941, -24.970188899999982 ], [ -53.50620779999997, -24.970976899999982 ], [ -53.506064199999969, -24.971253599999955 ], [ -53.50605829999995, -24.971264899999937 ], [ -53.505676, -24.971912399999951 ], [ -53.505195399999934, -24.972715899999969 ], [ -53.505083, -24.97289319999993 ], [ -53.50493, -24.973121599999956 ], [ -53.50459, -24.973662899999965 ], [ -53.504041799999982, -24.974552199999948 ], [ -53.503511199999934, -24.975446699999964 ], [ -53.503043, -24.9762 ], [ -53.502956599999948, -24.976345099999946 ], [ -53.502313199999946, -24.977425199999971 ], [ -53.501877, -24.978091 ], [ -53.501721399999951, -24.978376899999944 ], [ -53.501151, -24.979312799999946 ], [ -53.500837699999977, -24.979821399999935 ], [ -53.500760199999945, -24.979889399999934 ], [ -53.500701899999967, -24.979925299999934 ], [ -53.500636399999962, -24.979945099999952 ], [ -53.500537, -24.979986499999939 ], [ -53.500508099999934, -24.980002399999933 ], [ -53.500493699999936, -24.980013299999939 ], [ -53.500480599999946, -24.980025699999942 ], [ -53.500468799999965, -24.980039399999953 ], [ -53.500458499999979, -24.980054199999984 ], [ -53.500449899999978, -24.98007 ], [ -53.500442899999939, -24.980086699999958 ], [ -53.500437699999964, -24.980104 ], [ -53.500434399999961, -24.980121699999927 ], [ -53.500432899999964, -24.980139699999938 ], [ -53.500433299999941, -24.98015769999995 ], [ -53.500438899999949, -24.980190299999947 ], [ -53.50044459999998, -24.980207399999983 ], [ -53.500452499999938, -24.980262899999957 ], [ -53.500451699999985, -24.98030179999995 ], [ -53.500431, -24.980366299999957 ], [ -53.500396299999977, -24.980404799999974 ], [ -53.500347399999953, -24.980433699999935 ], [ -53.500290799999959, -24.980453499999953 ], [ -53.500219899999934, -24.980448099999933 ], [ -53.500146199999961, -24.980428599999982 ], [ -53.500002699999982, -24.980371799999944 ], [ -53.500265399999932, -24.980544299999963 ], [ -53.500529099999937, -24.980708399999969 ], [ -53.500871899999936, -24.980992 ], [ -53.501126799999952, -24.98123789999994 ], [ -53.50140319999997, -24.981539399999974 ], [ -53.501652699999966, -24.981812199999979 ], [ -53.501913, -24.982112 ], [ -53.502369099999953, -24.982603199999971 ], [ -53.502636399999972, -24.982891 ], [ -53.502946899999984, -24.983223099999975 ], [ -53.503221499999938, -24.983519199999932 ], [ -53.503779299999962, -24.984090899999956 ], [ -53.504218, -24.984567399999946 ], [ -53.504358099999934, -24.984405599999945 ], [ -53.505055599999935, -24.983518099999969 ], [ -53.505734399999938, -24.982699099999934 ], [ -53.506412699999942, -24.981859 ], [ -53.506635, -24.981561 ], [ -53.507144099999948, -24.981790399999966 ], [ -53.507686399999955, -24.982034599999963 ], [ -53.508190099999979, -24.982261499999936 ], [ -53.508671899999968, -24.982478499999957 ], [ -53.50915649999996, -24.982696799999928 ], [ -53.509659, -24.982923099999937 ], [ -53.509664699999973, -24.982925699999953 ], [ -53.510293099999956, -24.98321889999994 ], [ -53.511011799999949, -24.983554099999935 ], [ -53.51175029999996, -24.98295509999997 ], [ -53.512184, -24.982603299999937 ], [ -53.512607, -24.982260399999973 ], [ -53.513035099999968, -24.981913199999951 ], [ -53.513480799999968, -24.981551699999955 ], [ -53.513907899999936, -24.981205299999942 ], [ -53.514367299999947, -24.980832699999951 ], [ -53.515071099999943, -24.980261899999959 ], [ -53.515343499999972, -24.98004 ], [ -53.512263699999949, -24.977219199999979 ], [ -53.51074049999994, -24.976132899999982 ], [ -53.510769399999958, -24.974415 ], [ -53.510771799999986, -24.974274899999955 ], [ -53.511572, -24.972001899999952 ], [ -53.512411799999938, -24.970285099999955 ], [ -53.513487899999973, -24.968864799999949 ] ] ] ] } },
{ "type": "Feature", "properties": { "fid": 10, "CD_REGIAO": "4", "NM_REGIAO": "Sul", "CD_UF": "41", "NM_UF": "Paraná", "CD_MUN": "4104808", "NM_MUN": "Cascavel", "CD_DIST": "410480805", "NM_DIST": "Cascavel", "CD_SUBDIST": "41048080500", "NM_SUBDIST": null, "CD_BAIRRO": "4104808007", "NM_BAIRRO": "Pacaembu", "CD_RGINT": "4103", "NM_RGINT": "Cascavel", "CD_RGI": "410006", "NM_RGI": "Cascavel", "CD_CONCURB": "4104808", "NM_CONCURB": "Cascavel/PR" }, "geometry": { "type": "MultiPolygon", "coordinates": [ [ [ [ -53.406123599999944, -24.96427319999998 ], [ -53.406096199999979, -24.964282399999945 ], [ -53.406058399999949, -24.964361899999972 ], [ -53.406033299999933, -24.964475 ], [ -53.406047599999965, -24.96458089999993 ], [ -53.406122, -24.964733 ], [ -53.40628959999998, -24.964796799999931 ], [ -53.406690799999978, -24.964769199999978 ], [ -53.406943599999977, -24.964706899999953 ], [ -53.407139399999949, -24.96465859999995 ], [ -53.407722899999953, -24.964577799999972 ], [ -53.40812619999997, -24.964532499999962 ], [ -53.408265, -24.964516699999933 ], [ -53.410096599999974, -24.964292399999977 ], [ -53.410617599999966, -24.964233499999978 ], [ -53.414003099999945, -24.963869599999953 ], [ -53.415398799999934, -24.963730099999964 ], [ -53.415707199999986, -24.963699499999962 ], [ -53.415918199999965, -24.96367859999998 ], [ -53.416533399999935, -24.963630399999943 ], [ -53.416594399999951, -24.963629599999933 ], [ -53.416968899999972, -24.963625 ], [ -53.41710489999997, -24.963635199999942 ], [ -53.417247699999962, -24.963639199999932 ], [ -53.41787359999995, -24.963710899999967 ], [ -53.41819339999995, -24.963768699999946 ], [ -53.418481499999984, -24.963839599999972 ], [ -53.41893349999998, -24.963975599999969 ], [ -53.419251799999984, -24.964093599999956 ], [ -53.419599099999971, -24.964247099999966 ], [ -53.42093129999995, -24.964927199999977 ], [ -53.42260639999995, -24.965805499999931 ], [ -53.423202299999957, -24.966089499999953 ], [ -53.423868299999981, -24.966466 ], [ -53.424170599999968, -24.966622699999959 ], [ -53.424520599999937, -24.966804199999956 ], [ -53.424537799999939, -24.966759 ], [ -53.424570099999983, -24.966674599999976 ], [ -53.424621499999944, -24.96660049999997 ], [ -53.424990199999968, -24.966791699999931 ], [ -53.426290299999948, -24.96745569999996 ], [ -53.426643, -24.965593299999966 ], [ -53.426944099999957, -24.964072599999952 ], [ -53.427180299999975, -24.962788099999955 ], [ -53.427419199999974, -24.961595699999975 ], [ -53.427709799999946, -24.960151399999972 ], [ -53.427775799999949, -24.96006049999994 ], [ -53.427160199999946, -24.959345 ], [ -53.426555699999938, -24.958617199999935 ], [ -53.425915, -24.957899399999974 ], [ -53.425551299999938, -24.957487399999934 ], [ -53.425302, -24.957185299999935 ], [ -53.424993299999983, -24.956836199999941 ], [ -53.424659, -24.956462699999975 ], [ -53.423985799999969, -24.955659299999979 ], [ -53.423369499999978, -24.954953799999942 ], [ -53.42321, -24.954763 ], [ -53.422763199999963, -24.95423779999993 ], [ -53.422117, -24.953507499999944 ], [ -53.421479199999965, -24.952733199999955 ], [ -53.421266899999978, -24.952477399999964 ], [ -53.42056789999998, -24.951706899999976 ], [ -53.41994909999994, -24.951004299999965 ], [ -53.419316199999969, -24.95027209999995 ], [ -53.418695399999933, -24.94955959999993 ], [ -53.418272199999933, -24.949055899999962 ], [ -53.418161, -24.948986699999978 ], [ -53.418076799999938, -24.948842599999978 ], [ -53.417963899999961, -24.948922399999958 ], [ -53.417635099999984, -24.949175 ], [ -53.417410799999971, -24.94936649999994 ], [ -53.417158299999983, -24.94959979999993 ], [ -53.416704899999957, -24.950066799999945 ], [ -53.415829799999983, -24.950967299999945 ], [ -53.415465899999958, -24.951345499999945 ], [ -53.414953, -24.951864 ], [ -53.413201799999968, -24.953634299999976 ], [ -53.413055, -24.953783699999974 ], [ -53.412183599999935, -24.954670499999963 ], [ -53.411983699999951, -24.954873899999939 ], [ -53.411752299999932, -24.955109099999959 ], [ -53.409577099999979, -24.957323 ], [ -53.409202, -24.957704899999953 ], [ -53.409064599999965, -24.957844399999942 ], [ -53.408317899999986, -24.958607299999983 ], [ -53.407781199999931, -24.959142099999951 ], [ -53.407425799999942, -24.959531699999957 ], [ -53.407144, -24.959890599999937 ], [ -53.406865399999958, -24.960296299999982 ], [ -53.40668519999997, -24.96059779999996 ], [ -53.406451699999934, -24.961034 ], [ -53.406284, -24.961401 ], [ -53.406063399999937, -24.96187759999998 ], [ -53.405796, -24.962452 ], [ -53.405643399999974, -24.962807399999974 ], [ -53.405582399999957, -24.962983299999962 ], [ -53.405539299999987, -24.963207699999941 ], [ -53.40554469999995, -24.963378199999966 ], [ -53.405566199999953, -24.963570299999958 ], [ -53.405643399999974, -24.963776699999983 ], [ -53.405713399999968, -24.963927399999932 ], [ -53.405806699999971, -24.964099799999929 ], [ -53.405882099999985, -24.964182299999948 ], [ -53.406016799999975, -24.96424339999993 ], [ -53.406123599999944, -24.96427319999998 ] ] ] ] } },
{ "type": "Feature", "properties": { "fid": 11, "CD_REGIAO": "4", "NM_REGIAO": "Sul", "CD_UF": "41", "NM_UF": "Paraná", "CD_MUN": "4104808", "NM_MUN": "Cascavel", "CD_DIST": "410480805", "NM_DIST": "Cascavel", "CD_SUBDIST": "41048080500", "NM_SUBDIST": null, "CD_BAIRRO": "4104808012", "NM_BAIRRO": "Neva", "CD_RGINT": "4103", "NM_RGINT": "Cascavel", "CD_RGI": "410006", "NM_RGI": "Cascavel", "CD_CONCURB": "4104808", "NM_CONCURB": "Cascavel/PR" }, "geometry": { "type": "MultiPolygon", "coordinates": [ [ [ [ -53.462032599999986, -24.968811699999947 ], [ -53.46202569999997, -24.968977799999948 ], [ -53.462088699999981, -24.969089499999939 ], [ -53.462154799999951, -24.969229799999937 ], [ -53.462228099999948, -24.969494499999939 ], [ -53.462267699999984, -24.969722199999978 ], [ -53.462358699999982, -24.96990489999996 ], [ -53.462386299999935, -24.970088399999952 ], [ -53.462443, -24.970215799999949 ], [ -53.462420399999985, -24.970466899999963 ], [ -53.462495899999965, -24.970667399999968 ], [ -53.462617299999977, -24.970933 ], [ -53.462996799999985, -24.971754699999963 ], [ -53.463488, -24.972125699999935 ], [ -53.463827699999968, -24.972509 ], [ -53.464081199999953, -24.972762099999954 ], [ -53.464228099999957, -24.973010399999964 ], [ -53.464452899999969, -24.97324459999993 ], [ -53.464735699999949, -24.973630499999956 ], [ -53.465098, -24.974001499999929 ], [ -53.465265699999975, -24.974150399999928 ], [ -53.465430199999957, -24.974359099999958 ], [ -53.465574499999946, -24.974441799999965 ], [ -53.465867499999945, -24.974585699999977 ], [ -53.466357499999958, -24.974819399999944 ], [ -53.466768199999933, -24.975055699999928 ], [ -53.467039499999942, -24.975150199999973 ], [ -53.467332499999941, -24.975355199999967 ], [ -53.467617399999938, -24.975486499999931 ], [ -53.467998199999954, -24.975666899999965 ], [ -53.468162899999982, -24.97577229999996 ], [ -53.468743599999982, -24.976141499999983 ], [ -53.469040699999937, -24.976256399999954 ], [ -53.469656799999939, -24.976681 ], [ -53.469897499999945, -24.977056299999958 ], [ -53.470404099999939, -24.977512499999932 ], [ -53.470656399999939, -24.977691799999945 ], [ -53.47081019999996, -24.977870399999972 ], [ -53.470945899999947, -24.977954599999975 ], [ -53.471354899999938, -24.978410199999928 ], [ -53.471681099999955, -24.978676899999982 ], [ -53.47198659999998, -24.978881399999977 ], [ -53.472530199999937, -24.979142799999977 ], [ -53.47289, -24.979344699999956 ], [ -53.473174799999981, -24.979541499999982 ], [ -53.473239499999977, -24.979598399999929 ], [ -53.47349319999995, -24.97973559999997 ], [ -53.47387109999994, -24.979862499999967 ], [ -53.474086, -24.980111 ], [ -53.474328599999978, -24.980349099999955 ], [ -53.474464699999942, -24.980410699999936 ], [ -53.474596399999939, -24.980115299999966 ], [ -53.47465909999994, -24.979874699999982 ], [ -53.474716099999966, -24.979667699999936 ], [ -53.474792099999945, -24.979469499999936 ], [ -53.474842699999954, -24.979349899999931 ], [ -53.474856099999954, -24.979197499999941 ], [ -53.474884199999963, -24.978983 ], [ -53.474874099999965, -24.978652799999963 ], [ -53.47489829999995, -24.978335799999968 ], [ -53.474940199999935, -24.97819579999998 ], [ -53.474953099999937, -24.977944599999944 ], [ -53.474871199999939, -24.977498199999957 ], [ -53.474852, -24.977309299999945 ], [ -53.474816899999951, -24.977073099999927 ], [ -53.474832899999967, -24.976607 ], [ -53.474887, -24.976359899999977 ], [ -53.475022399999943, -24.975900499999966 ], [ -53.475083099999949, -24.975586199999952 ], [ -53.475345899999979, -24.975187299999959 ], [ -53.475507799999946, -24.974672199999929 ], [ -53.475777899999969, -24.974350099999981 ], [ -53.475864699999931, -24.974173599999972 ], [ -53.475909699999931, -24.973895899999945 ], [ -53.475910399999975, -24.973626799999977 ], [ -53.47591239999997, -24.973386099999971 ], [ -53.475909599999966, -24.973130099999935 ], [ -53.475976399999979, -24.972766799999931 ], [ -53.475971299999969, -24.972522199999958 ], [ -53.47606159999998, -24.97216949999995 ], [ -53.47602859999995, -24.971754099999941 ], [ -53.476141899999959, -24.971284499999967 ], [ -53.476168599999937, -24.97102289999998 ], [ -53.476265099999978, -24.970591399999932 ], [ -53.476405899999975, -24.970113899999944 ], [ -53.476495599999964, -24.969839099999945 ], [ -53.476545099999953, -24.969479599999943 ], [ -53.476658, -24.968907299999955 ], [ -53.476696899999979, -24.968485299999941 ], [ -53.476605899999981, -24.968287499999974 ], [ -53.476589899999965, -24.968070399999931 ], [ -53.476504599999942, -24.967772599999932 ], [ -53.476458, -24.967126899999982 ], [ -53.476369099999943, -24.966786799999966 ], [ -53.476309299999969, -24.966432899999973 ], [ -53.476321299999938, -24.966255499999932 ], [ -53.476262899999938, -24.966026499999941 ], [ -53.476170899999943, -24.965689599999962 ], [ -53.477042199999971, -24.965616199999943 ], [ -53.477326599999969, -24.965593399999932 ], [ -53.478831, -24.965497 ], [ -53.479402599999958, -24.965461799999957 ], [ -53.480316399999936, -24.96538419999996 ], [ -53.480726699999934, -24.965256499999953 ], [ -53.480052299999954, -24.964773799999932 ], [ -53.479336699999976, -24.964269899999977 ], [ -53.478752499999985, -24.963774299999955 ], [ -53.478508499999975, -24.963508099999956 ], [ -53.478139099999964, -24.962929699999961 ], [ -53.478017899999941, -24.962647499999946 ], [ -53.477468, -24.961474099999975 ], [ -53.47695269999997, -24.960339699999963 ], [ -53.476559599999973, -24.960361299999931 ], [ -53.475711899999965, -24.960403099999951 ], [ -53.474364299999934, -24.960494599999947 ], [ -53.473959499999978, -24.960514899999964 ], [ -53.473078199999975, -24.960559099999955 ], [ -53.471786099999974, -24.960626699999978 ], [ -53.470755399999973, -24.960688499999947 ], [ -53.469710799999973, -24.960748699999954 ], [ -53.468417599999952, -24.960819799999967 ], [ -53.46713, -24.960903299999927 ], [ -53.465874099999951, -24.96097 ], [ -53.464648799999964, -24.961041199999954 ], [ -53.463374199999976, -24.961114499999951 ], [ -53.46208, -24.961183099999971 ], [ -53.460799299999962, -24.961265699999956 ], [ -53.460876799999937, -24.962431 ], [ -53.460965199999976, -24.963604799999928 ], [ -53.461047299999962, -24.964777899999945 ], [ -53.461125799999934, -24.96594719999996 ], [ -53.461159499999951, -24.96663639999997 ], [ -53.461250899999982, -24.967746299999931 ], [ -53.461682499999938, -24.967682599999932 ], [ -53.461686, -24.967849899999976 ], [ -53.461789399999986, -24.96818879999995 ], [ -53.461871599999938, -24.96851259999994 ], [ -53.462032599999986, -24.968811699999947 ] ] ] ] } },
{ "type": "Feature", "properties": { "fid": 12, "CD_REGIAO": "4", "NM_REGIAO": "Sul", "CD_UF": "41", "NM_UF": "Paraná", "CD_MUN": "4104808", "NM_MUN": "Cascavel", "CD_DIST": "410480805", "NM_DIST": "Cascavel", "CD_SUBDIST": "41048080500", "NM_SUBDIST": null, "CD_BAIRRO": "4104808039", "NM_BAIRRO": "Fag", "CD_RGINT": "4103", "NM_RGINT": "Cascavel", "CD_RGI": "410006", "NM_RGI": "Cascavel", "CD_CONCURB": "4104808", "NM_CONCURB": "Cascavel/PR" }, "geometry": { "type": "MultiPolygon", "coordinates": [ [ [ [ -53.506101299999955, -24.946151199999974 ], [ -53.504979099999957, -24.945276899999953 ], [ -53.503194299999961, -24.94388639999994 ], [ -53.501221599999951, -24.94233939999998 ], [ -53.501104099999964, -24.942511099999933 ], [ -53.500943099999972, -24.942948 ], [ -53.500741, -24.943324699999948 ], [ -53.500676099999964, -24.943683499999963 ], [ -53.500529, -24.943995199999961 ], [ -53.500456, -24.944367 ], [ -53.500260799999978, -24.944787 ], [ -53.500351399999943, -24.94516079999994 ], [ -53.500378499999954, -24.945568099999946 ], [ -53.500255, -24.946041099999945 ], [ -53.500183199999981, -24.946243799999934 ], [ -53.500050099999953, -24.946462099999962 ], [ -53.499907699999937, -24.946569299999965 ], [ -53.499925399999938, -24.94682389999997 ], [ -53.499848899999961, -24.947071499999936 ], [ -53.499774799999955, -24.947326799999928 ], [ -53.499599499999931, -24.94764349999997 ], [ -53.499635899999987, -24.948011299999962 ], [ -53.499661, -24.948483099999976 ], [ -53.499670799999933, -24.948760299999947 ], [ -53.499726599999974, -24.948916599999961 ], [ -53.499756, -24.949145099999953 ], [ -53.49983009999994, -24.949503099999959 ], [ -53.499891299999945, -24.949872299999981 ], [ -53.499911299999951, -24.950237299999969 ], [ -53.499963, -24.950653799999941 ], [ -53.499854599999935, -24.950968299999943 ], [ -53.49966459999996, -24.951425799999981 ], [ -53.499444299999936, -24.951929599999971 ], [ -53.499318799999969, -24.952207 ], [ -53.499209899999983, -24.952460699999961 ], [ -53.498901699999976, -24.95307239999994 ], [ -53.498878499999933, -24.953205799999978 ], [ -53.498790399999962, -24.953467699999976 ], [ -53.498625199999935, -24.953974499999958 ], [ -53.498589, -24.954334299999971 ], [ -53.498547599999938, -24.954859799999952 ], [ -53.498428299999944, -24.955236599999978 ], [ -53.498316899999963, -24.955572599999982 ], [ -53.498204699999974, -24.955987 ], [ -53.497999899999968, -24.95653509999994 ], [ -53.497902099999976, -24.956929899999977 ], [ -53.497746799999959, -24.957324299999982 ], [ -53.497716399999945, -24.957719 ], [ -53.497855099999981, -24.957686199999955 ], [ -53.498979799999972, -24.957445399999983 ], [ -53.50013359999997, -24.957212799999979 ], [ -53.501283699999931, -24.956974099999968 ], [ -53.502445399999942, -24.956735799999933 ], [ -53.503618, -24.95649659999998 ], [ -53.50337589999998, -24.955538 ], [ -53.503132499999936, -24.95456919999998 ], [ -53.502896199999952, -24.953608 ], [ -53.502753699999971, -24.952979899999946 ], [ -53.502151599999934, -24.953010699999936 ], [ -53.502144, -24.952887499999974 ], [ -53.502717299999972, -24.952856899999972 ], [ -53.503332399999977, -24.952819799999929 ], [ -53.503923899999961, -24.952774399999953 ], [ -53.50443439999998, -24.952745399999969 ], [ -53.505074199999967, -24.952706599999942 ], [ -53.505439299999978, -24.952684399999953 ], [ -53.505445399999985, -24.952676099999962 ], [ -53.505449599999963, -24.952670799999964 ], [ -53.505456399999957, -24.952663099999938 ], [ -53.505463499999962, -24.95265569999998 ], [ -53.505471, -24.952648799999963 ], [ -53.505476199999976, -24.95264439999994 ], [ -53.505484299999978, -24.952638099999945 ], [ -53.505489899999986, -24.952634099999955 ], [ -53.505492699999934, -24.952632199999982 ], [ -53.505495599999961, -24.952630399999975 ], [ -53.505498499999931, -24.952628599999969 ], [ -53.505501399999957, -24.952626799999962 ], [ -53.50550439999995, -24.952625099999977 ], [ -53.505507399999942, -24.952623499999959 ], [ -53.505510399999935, -24.95262189999994 ], [ -53.505513399999984, -24.952620399999944 ], [ -53.505516499999942, -24.952618899999948 ], [ -53.505519599999957, -24.952617499999974 ], [ -53.505522699999972, -24.952616099999943 ], [ -53.505525899999952, -24.95261469999997 ], [ -53.505529, -24.952613499999927 ], [ -53.505532199999948, -24.952612299999942 ], [ -53.505535399999985, -24.952611099999956 ], [ -53.505538699999931, -24.95261 ], [ -53.505541899999969, -24.952609 ], [ -53.505545199999972, -24.952608 ], [ -53.505548499999975, -24.952607 ], [ -53.505551799999978, -24.952606199999934 ], [ -53.505555099999981, -24.952605399999982 ], [ -53.505558399999984, -24.952604599999972 ], [ -53.505561699999987, -24.952603899999929 ], [ -53.505565099999956, -24.952603299999964 ], [ -53.505568399999959, -24.952602699999943 ], [ -53.505571799999984, -24.952602199999944 ], [ -53.505575199999953, -24.952601699999946 ], [ -53.505578599999978, -24.952601299999969 ], [ -53.505582, -24.952600899999936 ], [ -53.505585399999973, -24.952600699999948 ], [ -53.505588799999941, -24.952600399999938 ], [ -53.505592199999967, -24.952600299999972 ], [ -53.505595599999936, -24.952600199999949 ], [ -53.505599, -24.952600099999927 ], [ -53.505602399999987, -24.952600099999927 ], [ -53.505605799999955, -24.952600199999949 ], [ -53.505609299999946, -24.952600299999972 ], [ -53.505612699999972, -24.95260049999996 ], [ -53.505616099999941, -24.952600699999948 ], [ -53.505619499999966, -24.952601099999981 ], [ -53.505622899999935, -24.952601399999935 ], [ -53.505626199999938, -24.952601899999934 ], [ -53.505629599999963, -24.952602299999967 ], [ -53.505633, -24.952602899999931 ], [ -53.505636399999958, -24.952603499999952 ], [ -53.505639699999961, -24.952604099999974 ], [ -53.505656199999976, -24.952608299999952 ], [ -53.505659499999979, -24.952609299999949 ], [ -53.505662699999959, -24.952610399999969 ], [ -53.505666, -24.952611499999932 ], [ -53.505669199999943, -24.952612699999975 ], [ -53.505672299999958, -24.95261389999996 ], [ -53.505675499999938, -24.952615199999968 ], [ -53.505678599999953, -24.952616599999942 ], [ -53.505681799999934, -24.952618 ], [ -53.505684799999983, -24.952619399999946 ], [ -53.505687899999941, -24.952620899999943 ], [ -53.505690899999934, -24.952622499999961 ], [ -53.505694, -24.95262409999998 ], [ -53.505696899999975, -24.952625699999942 ], [ -53.505699899999968, -24.952627499999949 ], [ -53.505702799999938, -24.952629199999933 ], [ -53.505705699999965, -24.952631 ], [ -53.505708499999969, -24.952632899999969 ], [ -53.505711399999939, -24.952634799999942 ], [ -53.505714199999943, -24.952636799999937 ], [ -53.505716899999982, -24.952638799999932 ], [ -53.505719599999964, -24.952640899999949 ], [ -53.505722299999945, -24.952643 ], [ -53.505725, -24.952645099999927 ], [ -53.505727599999943, -24.952647299999967 ], [ -53.505730099999937, -24.952649599999972 ], [ -53.505732699999953, -24.952651899999978 ], [ -53.505735199999947, -24.952654199999984 ], [ -53.505737599999975, -24.952656599999955 ], [ -53.50574, -24.952659 ], [ -53.505742399999974, -24.952661499999977 ], [ -53.50574469999998, -24.952664 ], [ -53.506765299999984, -24.952600399999938 ], [ -53.507790499999942, -24.95254239999997 ], [ -53.508349, -24.952510699999948 ], [ -53.50881069999997, -24.952484899999945 ], [ -53.509974599999964, -24.95242 ], [ -53.509934, -24.952532599999984 ], [ -53.509586499999955, -24.953435599999978 ], [ -53.509257599999955, -24.954317899999978 ], [ -53.508800899999983, -24.955438 ], [ -53.508402599999954, -24.956562899999938 ], [ -53.508562199999972, -24.95655249999993 ], [ -53.508940299999949, -24.956704599999966 ], [ -53.509427199999948, -24.956893599999944 ], [ -53.509922599999982, -24.957080399999938 ], [ -53.510435799999982, -24.957282199999952 ], [ -53.510969599999953, -24.957496499999934 ], [ -53.511464599999954, -24.957678599999952 ], [ -53.51195, -24.957872899999927 ], [ -53.512472799999955, -24.958083699999975 ], [ -53.512978299999986, -24.958294099999932 ], [ -53.513515699999971, -24.958494099999939 ], [ -53.514032899999961, -24.958690499999932 ], [ -53.51452519999998, -24.95887689999995 ], [ -53.515534799999955, -24.959289499999954 ], [ -53.515782799999954, -24.959356 ], [ -53.519395599999939, -24.960651599999949 ], [ -53.519734899999946, -24.960253699999953 ], [ -53.520061899999973, -24.959726699999976 ], [ -53.520101299999965, -24.959519499999942 ], [ -53.520391099999983, -24.959302699999967 ], [ -53.520588499999974, -24.95872049999997 ], [ -53.521173, -24.958370599999967 ], [ -53.52115329999998, -24.958183099999928 ], [ -53.521340799999962, -24.958054799999957 ], [ -53.521620899999959, -24.957710099999929 ], [ -53.521677299999965, -24.957326899999941 ], [ -53.521907599999963, -24.957000599999958 ], [ -53.52190539999998, -24.956734199999971 ], [ -53.521869399999957, -24.956085399999949 ], [ -53.521818799999949, -24.95569439999997 ], [ -53.521534499999973, -24.954891599999939 ], [ -53.512404099999969, -24.946132499999976 ], [ -53.514328699999965, -24.941176599999949 ], [ -53.508631199999968, -24.939402899999948 ], [ -53.506266299999936, -24.94575 ], [ -53.506101299999955, -24.946151199999974 ] ] ] ] } },
{ "type": "Feature", "properties": { "fid": 13, "CD_REGIAO": "4", "NM_REGIAO": "Sul", "CD_UF": "41", "NM_UF": "Paraná", "CD_MUN": "4104808", "NM_MUN": "Cascavel", "CD_DIST": "410480805", "NM_DIST": "Cascavel", "CD_SUBDIST": "41048080500", "NM_SUBDIST": null, "CD_BAIRRO": "4104808018", "NM_BAIRRO": "Parque Verde", "CD_RGINT": "4103", "NM_RGINT": "Cascavel", "CD_RGI": "410006", "NM_RGI": "Cascavel", "CD_CONCURB": "4104808", "NM_CONCURB": "Cascavel/PR" }, "geometry": { "type": "MultiPolygon", "coordinates": [ [ [ [ -53.491869699999938, -24.940813499999933 ], [ -53.492440499999987, -24.939692299999933 ], [ -53.492931799999951, -24.940015 ], [ -53.493446499999948, -24.940383199999928 ], [ -53.493607899999972, -24.940321199999971 ], [ -53.500741, -24.943324699999948 ], [ -53.500943099999972, -24.942948 ], [ -53.501104099999964, -24.942511099999933 ], [ -53.501221599999951, -24.94233939999998 ], [ -53.503194299999961, -24.94388639999994 ], [ -53.504979099999957, -24.945276899999953 ], [ -53.506101299999955, -24.946151199999974 ], [ -53.506266299999936, -24.94575 ], [ -53.508631199999968, -24.939402899999948 ], [ -53.506869199999983, -24.938788099999954 ], [ -53.505156099999965, -24.938277899999946 ], [ -53.504276699999934, -24.938007 ], [ -53.504760799999985, -24.936526199999946 ], [ -53.503737699999931, -24.936223899999959 ], [ -53.503846199999941, -24.936076699999944 ], [ -53.503815199999963, -24.935820899999953 ], [ -53.503892699999938, -24.935588399999972 ], [ -53.503932199999952, -24.93497629999996 ], [ -53.502939699999956, -24.934525899999983 ], [ -53.501663399999984, -24.934043699999961 ], [ -53.497907099999964, -24.932499499999949 ], [ -53.497578099999942, -24.932348099999956 ], [ -53.496731299999965, -24.933992599999954 ], [ -53.496455199999957, -24.934528799999953 ], [ -53.490811199999939, -24.932184899999982 ], [ -53.488743499999941, -24.931302899999935 ], [ -53.488636, -24.931573 ], [ -53.488536, -24.932084 ], [ -53.488496, -24.932595 ], [ -53.488476, -24.932905 ], [ -53.488476, -24.933215 ], [ -53.488316, -24.933471 ], [ -53.488196, -24.933781 ], [ -53.488196, -24.93411 ], [ -53.488173, -24.934173399999963 ], [ -53.488017, -24.934603 ], [ -53.487997, -24.935095 ], [ -53.487937, -24.935497 ], [ -53.487706199999934, -24.935879799999952 ], [ -53.487447399999951, -24.936200799999938 ], [ -53.487215699999979, -24.936599599999965 ], [ -53.487177799999984, -24.93684369999994 ], [ -53.487175799999932, -24.936988299999939 ], [ -53.487178099999937, -24.937256899999966 ], [ -53.487214399999971, -24.937888599999951 ], [ -53.487312799999984, -24.938447699999983 ], [ -53.487314399999946, -24.938948099999948 ], [ -53.487254399999983, -24.939158099999929 ], [ -53.487207799999965, -24.939487099999951 ], [ -53.487203499999964, -24.939816499999949 ], [ -53.487332, -24.940005 ], [ -53.487322, -24.940188 ], [ -53.487252, -24.940307 ], [ -53.487247, -24.940507 ], [ -53.487305, -24.940574 ], [ -53.487878, -24.941237 ], [ -53.487991099999931, -24.941397599999959 ], [ -53.488612899999964, -24.942108599999983 ], [ -53.488773399999957, -24.942292899999927 ], [ -53.489421799999946, -24.942998299999942 ], [ -53.489856399999951, -24.943483899999933 ], [ -53.490042, -24.943690799999956 ], [ -53.490276299999948, -24.943950599999937 ], [ -53.490695399999936, -24.944424699999956 ], [ -53.491043899999966, -24.944830799999977 ], [ -53.491147199999943, -24.944902899999931 ], [ -53.491429299999936, -24.945018299999958 ], [ -53.491556799999955, -24.94693019999994 ], [ -53.492198199999962, -24.946890199999928 ], [ -53.492910399999971, -24.946842899999979 ], [ -53.493673399999977, -24.946799399999975 ], [ -53.494227699999954, -24.946769699999948 ], [ -53.49531, -24.946706199999937 ], [ -53.495306899999946, -24.946651499999973 ], [ -53.497520899999984, -24.947583899999927 ], [ -53.498342399999956, -24.947923599999967 ], [ -53.499661, -24.948483099999976 ], [ -53.499635899999987, -24.948011299999962 ], [ -53.499599499999931, -24.94764349999997 ], [ -53.499774799999955, -24.947326799999928 ], [ -53.499848899999961, -24.947071499999936 ], [ -53.499925399999938, -24.94682389999997 ], [ -53.499907699999937, -24.946569299999965 ], [ -53.500050099999953, -24.946462099999962 ], [ -53.500183199999981, -24.946243799999934 ], [ -53.500255, -24.946041099999945 ], [ -53.492299799999955, -24.942614599999956 ], [ -53.492149, -24.942912499999977 ], [ -53.492112, -24.942980099999943 ], [ -53.491544399999952, -24.942735699999957 ], [ -53.491009, -24.942510199999958 ], [ -53.49186629999997, -24.940820199999962 ], [ -53.491869699999938, -24.940813499999933 ] ] ] ] } },
{ "type": "Feature", "properties": { "fid": 14, "CD_REGIAO": "4", "NM_REGIAO": "Sul", "CD_UF": "41", "NM_UF": "Paraná", "CD_MUN": "4104808", "NM_MUN": "Cascavel", "CD_DIST": "410480805", "NM_DIST": "Cascavel", "CD_SUBDIST": "41048080500", "NM_SUBDIST": null, "CD_BAIRRO": "4104808016", "NM_BAIRRO": "Alto Alegre", "CD_RGINT": "4103", "NM_RGINT": "Cascavel", "CD_RGI": "410006", "NM_RGI": "Cascavel", "CD_CONCURB": "4104808", "NM_CONCURB": "Cascavel/PR" }, "geometry": { "type": "MultiPolygon", "coordinates": [ [ [ [ -53.482988299999931, -24.956759799999929 ], [ -53.481903099999954, -24.956553199999973 ], [ -53.481727599999942, -24.956519499999956 ], [ -53.480979299999944, -24.95641379999995 ], [ -53.480386799999962, -24.956305599999951 ], [ -53.480587699999944, -24.957555699999943 ], [ -53.480807599999935, -24.958825699999977 ], [ -53.481022199999984, -24.96008 ], [ -53.481078899999943, -24.960395099999971 ], [ -53.481265299999961, -24.961430399999983 ], [ -53.481442199999947, -24.962376 ], [ -53.481761199999937, -24.963115699999946 ], [ -53.482062199999973, -24.963673899999947 ], [ -53.482476299999973, -24.964316599999961 ], [ -53.482358, -24.964375199999949 ], [ -53.480726699999934, -24.965256499999953 ], [ -53.482701599999984, -24.966643399999953 ], [ -53.482921499999975, -24.966802099999938 ], [ -53.484110799999939, -24.967639199999951 ], [ -53.484504099999981, -24.967922 ], [ -53.485128499999973, -24.968368299999952 ], [ -53.487779799999942, -24.970255799999961 ], [ -53.48876249999995, -24.970943699999964 ], [ -53.491827599999965, -24.973125899999957 ], [ -53.49163649999997, -24.972735399999976 ], [ -53.491721, -24.972535 ], [ -53.491737, -24.972306 ], [ -53.491769, -24.972129 ], [ -53.491947, -24.97193 ], [ -53.49223, -24.971767 ], [ -53.492448, -24.971509 ], [ -53.492497, -24.971288 ], [ -53.492489, -24.971125 ], [ -53.492481, -24.970985 ], [ -53.492586, -24.97083 ], [ -53.49278, -24.970653 ], [ -53.492982, -24.970498 ], [ -53.493201399999975, -24.970374099999958 ], [ -53.493484399999943, -24.970123099999967 ], [ -53.493585199999984, -24.96993329999998 ], [ -53.493701299999941, -24.969756299999972 ], [ -53.493744899999967, -24.969569 ], [ -53.493835299999944, -24.969123699999955 ], [ -53.493965899999978, -24.968886599999962 ], [ -53.494001399999945, -24.968444499999976 ], [ -53.494006399999932, -24.968042599999933 ], [ -53.49404, -24.967656 ], [ -53.494097, -24.967477699999961 ], [ -53.49419249999994, -24.966980099999944 ], [ -53.494189899999981, -24.966668299999981 ], [ -53.494072899999935, -24.966259899999955 ], [ -53.494093899999939, -24.96580419999998 ], [ -53.494341, -24.965074499999957 ], [ -53.494498099999987, -24.964592099999948 ], [ -53.49463609999998, -24.964389899999958 ], [ -53.494986399999959, -24.963831899999946 ], [ -53.495285199999955, -24.963381199999958 ], [ -53.495466699999952, -24.963112599999931 ], [ -53.495755799999984, -24.962777499999959 ], [ -53.496048099999939, -24.962436699999955 ], [ -53.496626399999968, -24.961756399999956 ], [ -53.496964099999957, -24.961367399999972 ], [ -53.497376899999949, -24.960827499999937 ], [ -53.49744869999995, -24.960614499999963 ], [ -53.497493399999939, -24.960374399999978 ], [ -53.497606399999938, -24.960093399999948 ], [ -53.497655, -24.959892299999979 ], [ -53.497727299999951, -24.959726699999976 ], [ -53.49775429999994, -24.959318399999972 ], [ -53.497739499999966, -24.95881769999994 ], [ -53.49767989999998, -24.958448699999963 ], [ -53.497685099999956, -24.958010299999955 ], [ -53.497716399999945, -24.957719 ], [ -53.497746799999959, -24.957324299999982 ], [ -53.497902099999976, -24.956929899999977 ], [ -53.497999899999968, -24.95653509999994 ], [ -53.498204699999974, -24.955987 ], [ -53.498316899999963, -24.955572599999982 ], [ -53.497441699999968, -24.955564399999957 ], [ -53.495371199999965, -24.955557 ], [ -53.49524839999998, -24.955559 ], [ -53.494425899999953, -24.955649599999958 ], [ -53.494233299999962, -24.955742499999928 ], [ -53.493571599999939, -24.95607739999997 ], [ -53.493604599999969, -24.956659899999977 ], [ -53.492650499999968, -24.957179899999971 ], [ -53.492288499999972, -24.956607799999972 ], [ -53.491834, -24.955943499999933 ], [ -53.490925899999979, -24.955986499999938 ], [ -53.490927699999986, -24.956094 ], [ -53.489941599999952, -24.956551899999965 ], [ -53.48965039999996, -24.956713899999954 ], [ -53.48964529999995, -24.95664679999993 ], [ -53.488344199999972, -24.956911 ], [ -53.488346699999965, -24.956974599999967 ], [ -53.487923199999955, -24.957019699999933 ], [ -53.487043099999937, -24.957119499999976 ], [ -53.486873899999978, -24.95713829999994 ], [ -53.485908199999983, -24.957247299999949 ], [ -53.485782, -24.957240399999932 ], [ -53.485738699999956, -24.957238 ], [ -53.485602899999947, -24.957215299999973 ], [ -53.48497969999994, -24.957111299999951 ], [ -53.484395199999938, -24.957003 ], [ -53.483960699999955, -24.956935899999962 ], [ -53.483424799999966, -24.95683379999997 ], [ -53.482988299999931, -24.956759799999929 ] ] ] ] } },
{ "type": "Feature", "properties": { "fid": 15, "CD_REGIAO": "4", "NM_REGIAO": "Sul", "CD_UF": "41", "NM_UF": "Paraná", "CD_MUN": "4104808", "NM_MUN": "Cascavel", "CD_DIST": "410480805", "NM_DIST": "Cascavel", "CD_SUBDIST": "41048080500", "NM_SUBDIST": null, "CD_BAIRRO": "4104808008", "NM_BAIRRO": "Região do Lago", "CD_RGINT": "4103", "NM_RGINT": "Cascavel", "CD_RGI": "410006", "NM_RGI": "Cascavel", "CD_CONCURB": "4104808", "NM_CONCURB": "Cascavel/PR" }, "geometry": { "type": "MultiPolygon", "coordinates": [ [ [ [ -53.423985799999969, -24.955659299999979 ], [ -53.424659, -24.956462699999975 ], [ -53.424993299999983, -24.956836199999941 ], [ -53.425302, -24.957185299999935 ], [ -53.425551299999938, -24.957487399999934 ], [ -53.425915, -24.957899399999974 ], [ -53.426555699999938, -24.958617199999935 ], [ -53.427160199999946, -24.959345 ], [ -53.427775799999949, -24.96006049999994 ], [ -53.427709799999946, -24.960151399999972 ], [ -53.427419199999974, -24.961595699999975 ], [ -53.427180299999975, -24.962788099999955 ], [ -53.426944099999957, -24.964072599999952 ], [ -53.426643, -24.965593299999966 ], [ -53.426290299999948, -24.96745569999996 ], [ -53.426832499999932, -24.967738699999927 ], [ -53.427025899999933, -24.968046099999981 ], [ -53.427287, -24.968248399999936 ], [ -53.427581399999951, -24.96840149999997 ], [ -53.428442299999972, -24.968851099999938 ], [ -53.430305, -24.969828 ], [ -53.430713, -24.970041 ], [ -53.431861599999934, -24.970639399999982 ], [ -53.432072, -24.970749 ], [ -53.433089, -24.971279 ], [ -53.433698, -24.971582 ], [ -53.4345, -24.971981 ], [ -53.435045, -24.972236499999951 ], [ -53.435150499999963, -24.972285899999974 ], [ -53.435205699999983, -24.972311799999943 ], [ -53.436313899999959, -24.972842299999968 ], [ -53.437866499999984, -24.971969099999967 ], [ -53.438066899999967, -24.971861899999965 ], [ -53.438409899999954, -24.971688599999936 ], [ -53.439345799999955, -24.971214599999939 ], [ -53.440192799999977, -24.970764499999973 ], [ -53.440993299999946, -24.970344099999977 ], [ -53.441626699999972, -24.97001709999995 ], [ -53.442428499999949, -24.96959389999995 ], [ -53.442612899999972, -24.969494899999972 ], [ -53.443060499999945, -24.969272199999978 ], [ -53.443663299999969, -24.96894709999998 ], [ -53.444274399999983, -24.968609899999933 ], [ -53.444821299999944, -24.96832749999993 ], [ -53.444916299999932, -24.968284399999959 ], [ -53.444976, -24.968250699999942 ], [ -53.445944599999962, -24.967725899999948 ], [ -53.446611099999984, -24.967367499999966 ], [ -53.447115899999972, -24.967104699999936 ], [ -53.448364499999968, -24.966407 ], [ -53.450373599999978, -24.965357 ], [ -53.450363899999957, -24.965197499999931 ], [ -53.450309799999957, -24.96439179999993 ], [ -53.450209199999961, -24.962899599999957 ], [ -53.450130099999967, -24.961866199999974 ], [ -53.450059899999985, -24.960720199999969 ], [ -53.449958, -24.959524699999974 ], [ -53.449866699999973, -24.958356099999946 ], [ -53.449814199999935, -24.957213499999966 ], [ -53.449792099999968, -24.956912699999975 ], [ -53.449376699999959, -24.956680099999971 ], [ -53.448889, -24.956376 ], [ -53.448379, -24.956076 ], [ -53.446049, -24.954736 ], [ -53.44486459999996, -24.954080899999951 ], [ -53.444260199999974, -24.95373 ], [ -53.443709799999965, -24.953431899999941 ], [ -53.442594299999939, -24.952771899999959 ], [ -53.441462199999933, -24.95212 ], [ -53.440749, -24.951687 ], [ -53.440350099999932, -24.951458299999956 ], [ -53.439223, -24.950813799999935 ], [ -53.439901899999938, -24.949826399999949 ], [ -53.44060049999996, -24.948842399999933 ], [ -53.441208699999947, -24.947936199999958 ], [ -53.441415899999981, -24.947637499999928 ], [ -53.441337799999985, -24.94759229999994 ], [ -53.440685099999939, -24.94721519999996 ], [ -53.440338199999985, -24.94701729999997 ], [ -53.439629299999979, -24.946609799999976 ], [ -53.43913109999994, -24.946357 ], [ -53.438968099999954, -24.946278799999959 ], [ -53.438574899999935, -24.945983199999944 ], [ -53.438024, -24.945665399999939 ], [ -53.437828899999943, -24.945559099999969 ], [ -53.436751699999945, -24.944947499999955 ], [ -53.435653599999966, -24.944309499999974 ], [ -53.434575499999937, -24.943679799999927 ], [ -53.434055499999943, -24.944448399999942 ], [ -53.433623699999941, -24.94419849999997 ], [ -53.433623199999943, -24.944225199999948 ], [ -53.433623299999965, -24.944269499999962 ], [ -53.433046399999967, -24.944567 ], [ -53.431692399999974, -24.94522349999994 ], [ -53.430344599999955, -24.945890899999938 ], [ -53.429417599999965, -24.946333399999958 ], [ -53.428202099999965, -24.946938199999977 ], [ -53.42697279999993, -24.94754649999993 ], [ -53.425755899999956, -24.948135199999967 ], [ -53.424538599999948, -24.948726599999929 ], [ -53.42331489999998, -24.94934109999997 ], [ -53.42210149999994, -24.949928599999964 ], [ -53.420881299999962, -24.950529599999982 ], [ -53.41994909999994, -24.951004299999965 ], [ -53.42056789999998, -24.951706899999976 ], [ -53.421266899999978, -24.952477399999964 ], [ -53.421479199999965, -24.952733199999955 ], [ -53.42229709999998, -24.952332099999978 ], [ -53.422698599999933, -24.952140199999974 ], [ -53.423235899999952, -24.951868899999965 ], [ -53.424457699999948, -24.951274699999942 ], [ -53.425687699999969, -24.950667499999952 ], [ -53.426908199999957, -24.950072099999943 ], [ -53.428147099999933, -24.949473599999976 ], [ -53.42936, -24.948872899999969 ], [ -53.430589, -24.94826889999996 ], [ -53.43179159999994, -24.947687299999927 ], [ -53.433611799999937, -24.94680059999996 ], [ -53.433633399999962, -24.947871 ], [ -53.432295399999987, -24.948527899999931 ], [ -53.431076299999972, -24.949097699999982 ], [ -53.429869799999949, -24.949712 ], [ -53.42863559999995, -24.95032539999994 ], [ -53.427414399999975, -24.950903399999959 ], [ -53.426206599999944, -24.951500899999928 ], [ -53.424983099999963, -24.952105299999971 ], [ -53.423750499999983, -24.952712 ], [ -53.422117, -24.953507499999944 ], [ -53.422763199999963, -24.95423779999993 ], [ -53.42321, -24.954763 ], [ -53.423369499999978, -24.954953799999942 ], [ -53.423985799999969, -24.955659299999979 ] ] ] ] } },
{ "type": "Feature", "properties": { "fid": 16, "CD_REGIAO": "4", "NM_REGIAO": "Sul", "CD_UF": "41", "NM_UF": "Paraná", "CD_MUN": "4104808", "NM_MUN": "Cascavel", "CD_DIST": "410480805", "NM_DIST": "Cascavel", "CD_SUBDIST": "41048080500", "NM_SUBDIST": null, "CD_BAIRRO": "4104808021", "NM_BAIRRO": "Canadá", "CD_RGINT": "4103", "NM_RGINT": "Cascavel", "CD_RGI": "410006", "NM_RGI": "Cascavel", "CD_CONCURB": "4104808", "NM_CONCURB": "Cascavel/PR" }, "geometry": { "type": "MultiPolygon", "coordinates": [ [ [ [ -53.465412, -24.936135699999966 ], [ -53.465755699999931, -24.935926499999937 ], [ -53.465996599999983, -24.935707299999933 ], [ -53.466434899999967, -24.935379499999954 ], [ -53.467151699999931, -24.935006599999952 ], [ -53.467879699999969, -24.93466159999997 ], [ -53.468455499999948, -24.934383699999955 ], [ -53.46858949999995, -24.934319099999982 ], [ -53.469279899999947, -24.933976599999937 ], [ -53.469617199999959, -24.933626699999934 ], [ -53.470235, -24.933239 ], [ -53.470683, -24.933009 ], [ -53.471203099999968, -24.932734 ], [ -53.471610799999951, -24.932375199999967 ], [ -53.471855799999958, -24.931999099999928 ], [ -53.471973, -24.931749099999934 ], [ -53.472085599999957, -24.93136439999995 ], [ -53.472252099999935, -24.930951 ], [ -53.47232, -24.930757899999946 ], [ -53.472610399999951, -24.929868799999952 ], [ -53.472999899999934, -24.928948299999945 ], [ -53.473539599999981, -24.927977599999963 ], [ -53.474179599999957, -24.926855599999953 ], [ -53.474369299999978, -24.926449199999979 ], [ -53.474643599999979, -24.926010299999973 ], [ -53.474589599999945, -24.925141 ], [ -53.47456939999995, -24.924862899999937 ], [ -53.474541199999976, -24.924310799999944 ], [ -53.474548299999981, -24.924114799999927 ], [ -53.474612, -24.923649399999931 ], [ -53.474729599999932, -24.923332899999934 ], [ -53.474961499999949, -24.922991899999943 ], [ -53.475225699999953, -24.922608499999967 ], [ -53.475388499999951, -24.922468899999956 ], [ -53.475650599999938, -24.922123899999974 ], [ -53.475973499999952, -24.921698899999967 ], [ -53.476440299999979, -24.921266299999957 ], [ -53.476595299999985, -24.921170699999948 ], [ -53.47671349999996, -24.92112439999994 ], [ -53.476986099999976, -24.92109679999993 ], [ -53.477107899999965, -24.921030899999948 ], [ -53.475671699999964, -24.921151099999975 ], [ -53.473967499999958, -24.921235499999966 ], [ -53.473654, -24.921251 ], [ -53.472447, -24.921357 ], [ -53.471729, -24.921496 ], [ -53.471033, -24.921686 ], [ -53.470318, -24.921935 ], [ -53.469732, -24.922226 ], [ -53.469511899999986, -24.922359699999959 ], [ -53.469174, -24.922565 ], [ -53.468606, -24.922977 ], [ -53.468189, -24.923326 ], [ -53.468059, -24.923436 ], [ -53.467296699999963, -24.924081599999965 ], [ -53.466904799999952, -24.92436779999997 ], [ -53.466531599999939, -24.92460449999993 ], [ -53.466076899999962, -24.924852499999929 ], [ -53.466060899999945, -24.924859199999958 ], [ -53.465681099999983, -24.925015499999972 ], [ -53.464923, -24.925252399999977 ], [ -53.464472799999953, -24.925356499999964 ], [ -53.463982099999953, -24.92543349999994 ], [ -53.463708899999972, -24.925459099999955 ], [ -53.463461099999961, -24.92547129999997 ], [ -53.462841799999978, -24.925476599999968 ], [ -53.46213819999997, -24.925480099999959 ], [ -53.461755799999935, -24.925482899999963 ], [ -53.461382899999933, -24.92550179999995 ], [ -53.461095899999975, -24.925536099999931 ], [ -53.460839499999963, -24.925574099999949 ], [ -53.460327399999983, -24.925683799999945 ], [ -53.45994109999998, -24.925807099999929 ], [ -53.459477199999981, -24.925979899999959 ], [ -53.458881799999972, -24.926254099999937 ], [ -53.457762699999932, -24.926839099999938 ], [ -53.456120899999974, -24.927697199999955 ], [ -53.455923299999938, -24.927800499999933 ], [ -53.455163, -24.928202599999963 ], [ -53.454846699999962, -24.928368199999966 ], [ -53.454018099999985, -24.928807899999981 ], [ -53.453288499999985, -24.929190099999971 ], [ -53.452739799999961, -24.929453699999954 ], [ -53.452238599999987, -24.929638099999977 ], [ -53.452016899999933, -24.92971 ], [ -53.451857699999948, -24.929761599999949 ], [ -53.451466399999958, -24.929860899999937 ], [ -53.451062799999931, -24.929966799999931 ], [ -53.450620399999934, -24.93003159999995 ], [ -53.450112199999978, -24.930085099999928 ], [ -53.449764799999969, -24.93010019999997 ], [ -53.448930599999983, -24.930040099999928 ], [ -53.448819299999968, -24.930026899999973 ], [ -53.448784199999977, -24.930100299999935 ], [ -53.448703899999941, -24.93029139999993 ], [ -53.448571699999945, -24.930605899999932 ], [ -53.449201, -24.930924 ], [ -53.449407, -24.93099 ], [ -53.449952, -24.931168 ], [ -53.450198, -24.931281 ], [ -53.450198, -24.93144 ], [ -53.450198, -24.931544 ], [ -53.45025, -24.931591 ], [ -53.450476, -24.931637 ], [ -53.450548, -24.93176 ], [ -53.450538, -24.93222 ], [ -53.450480299999981, -24.932519599999978 ], [ -53.450665299999969, -24.932744599999978 ], [ -53.451195599999949, -24.932937799999934 ], [ -53.451523599999973, -24.933106199999941 ], [ -53.452048599999955, -24.933520199999975 ], [ -53.452254099999948, -24.933588699999973 ], [ -53.452601299999969, -24.933772499999975 ], [ -53.452984, -24.933905 ], [ -53.453128, -24.933989 ], [ -53.453395, -24.934027 ], [ -53.45358, -24.934064 ], [ -53.453724, -24.934102 ], [ -53.453868, -24.934196 ], [ -53.453991, -24.934243 ], [ -53.454094, -24.934252 ], [ -53.454238, -24.934299 ], [ -53.45432, -24.934402 ], [ -53.454433, -24.934562 ], [ -53.454557, -24.934656 ], [ -53.454742, -24.934656 ], [ -53.45505, -24.934703 ], [ -53.455245, -24.934778 ], [ -53.455513, -24.934919 ], [ -53.455615, -24.934994 ], [ -53.455656, -24.935144 ], [ -53.455841, -24.935308 ], [ -53.455862, -24.935477 ], [ -53.455934, -24.935675 ], [ -53.456098, -24.935712 ], [ -53.456376, -24.935712 ], [ -53.456479, -24.935815 ], [ -53.456643, -24.936013 ], [ -53.456828, -24.936172 ], [ -53.457126, -24.936266 ], [ -53.457527, -24.936397 ], [ -53.457866, -24.936642 ], [ -53.458113, -24.936848 ], [ -53.45837, -24.937055 ], [ -53.458781, -24.937205 ], [ -53.459182, -24.937299 ], [ -53.459561699999938, -24.937449899999933 ], [ -53.459788099999969, -24.937478699999929 ], [ -53.460187399999938, -24.937719199999947 ], [ -53.461097499999937, -24.938417899999934 ], [ -53.46156179999997, -24.938784 ], [ -53.46195819999997, -24.938890499999957 ], [ -53.463065099999938, -24.93836349999998 ], [ -53.463372399999969, -24.938113099999953 ], [ -53.463673899999947, -24.93775549999998 ], [ -53.463897199999963, -24.937406399999929 ], [ -53.464532399999939, -24.936835699999961 ], [ -53.464700799999946, -24.936624 ], [ -53.464905499999986, -24.93643869999994 ], [ -53.464988199999937, -24.936367299999972 ], [ -53.465412, -24.936135699999966 ] ] ] ] } },
{ "type": "Feature", "properties": { "fid": 17, "CD_REGIAO": "4", "NM_REGIAO": "Sul", "CD_UF": "41", "NM_UF": "Paraná", "CD_MUN": "4104808", "NM_MUN": "Cascavel", "CD_DIST": "410480805", "NM_DIST": "Cascavel", "CD_SUBDIST": "41048080500", "NM_SUBDIST": null, "CD_BAIRRO": "4104808036", "NM_BAIRRO": "Santos Dumont", "CD_RGINT": "4103", "NM_RGINT": "Cascavel", "CD_RGI": "410006", "NM_RGI": "Cascavel", "CD_CONCURB": "4104808", "NM_CONCURB": "Cascavel/PR" }, "geometry": { "type": "MultiPolygon", "coordinates": [ [ [ [ -53.511396199999979, -24.983670099999983 ], [ -53.511011799999949, -24.983554099999935 ], [ -53.510293099999956, -24.98321889999994 ], [ -53.509664699999973, -24.982925699999953 ], [ -53.509659, -24.982923099999937 ], [ -53.50915649999996, -24.982696799999928 ], [ -53.508671899999968, -24.982478499999957 ], [ -53.508190099999979, -24.982261499999936 ], [ -53.507686399999955, -24.982034599999963 ], [ -53.507144099999948, -24.981790399999966 ], [ -53.506635, -24.981561 ], [ -53.506412699999942, -24.981859 ], [ -53.505734399999938, -24.982699099999934 ], [ -53.505055599999935, -24.983518099999969 ], [ -53.504358099999934, -24.984405599999945 ], [ -53.504218, -24.984567399999946 ], [ -53.504860599999972, -24.985265399999946 ], [ -53.505617099999938, -24.986077199999954 ], [ -53.50646, -24.986978799999974 ], [ -53.506967799999984, -24.987548799999956 ], [ -53.508031699999947, -24.988692199999946 ], [ -53.508861699999954, -24.989582799999937 ], [ -53.509222299999976, -24.989971099999934 ], [ -53.509686399999964, -24.990471199999945 ], [ -53.510632899999962, -24.991507599999977 ], [ -53.510818299999983, -24.991704499999969 ], [ -53.511468799999932, -24.992395299999941 ], [ -53.512112, -24.993097899999952 ], [ -53.512329, -24.993334899999979 ], [ -53.512366199999974, -24.99337369999995 ], [ -53.510913499999958, -24.99472789999993 ], [ -53.516730499999937, -25.001074599999981 ], [ -53.517282799999975, -25.001680799999974 ], [ -53.519059399999946, -24.999069499999962 ], [ -53.518076299999962, -24.998289199999931 ], [ -53.516585299999974, -24.997143199999982 ], [ -53.516137199999946, -24.996776499999953 ], [ -53.516357299999981, -24.996662799999967 ], [ -53.517629399999976, -24.996032 ], [ -53.517009299999984, -24.994286099999954 ], [ -53.516907299999957, -24.994008099999974 ], [ -53.516594, -24.993142 ], [ -53.51578829999994, -24.990971099999967 ], [ -53.515519299999937, -24.990255099999956 ], [ -53.515495, -24.989603 ], [ -53.515455, -24.988983 ], [ -53.515615, -24.988052 ], [ -53.516055, -24.987359 ], [ -53.516455, -24.986428 ], [ -53.517194, -24.98568 ], [ -53.515995, -24.985261 ], [ -53.515684399999941, -24.985569 ], [ -53.515286799999956, -24.985293 ], [ -53.513757099999964, -24.984611599999937 ], [ -53.513531299999954, -24.984494499999983 ], [ -53.512771099999952, -24.984190799999965 ], [ -53.511722199999951, -24.983701099999962 ], [ -53.511396199999979, -24.983670099999983 ] ] ] ] } },
{ "type": "Feature", "properties": { "fid": 18, "CD_REGIAO": "4", "NM_REGIAO": "Sul", "CD_UF": "41", "NM_UF": "Paraná", "CD_MUN": "4104808", "NM_MUN": "Cascavel", "CD_DIST": "410480805", "NM_DIST": "Cascavel", "CD_SUBDIST": "41048080500", "NM_SUBDIST": null, "CD_BAIRRO": "4104808010", "NM_BAIRRO": "Parque São Paulo", "CD_RGINT": "4103", "NM_RGINT": "Cascavel", "CD_RGI": "410006", "NM_RGI": "Cascavel", "CD_CONCURB": "4104808", "NM_CONCURB": "Cascavel/PR" }, "geometry": { "type": "MultiPolygon", "coordinates": [ [ [ [ -53.455157699999972, -24.97615559999997 ], [ -53.454586899999981, -24.977616199999943 ], [ -53.454124, -24.978764599999977 ], [ -53.45368579999996, -24.979793 ], [ -53.453455299999973, -24.980327399999965 ], [ -53.45510029999997, -24.980955699999981 ], [ -53.455411599999934, -24.981074599999943 ], [ -53.456007499999942, -24.981306099999983 ], [ -53.456423099999938, -24.981459899999948 ], [ -53.456950099999972, -24.981658299999935 ], [ -53.457239, -24.98176849999993 ], [ -53.458319899999935, -24.982189099999971 ], [ -53.460431599999936, -24.98300219999993 ], [ -53.463323799999955, -24.98411509999994 ], [ -53.464080099999933, -24.984402799999941 ], [ -53.465556499999934, -24.984964399999967 ], [ -53.465701899999942, -24.985021199999949 ], [ -53.467612499999973, -24.985742 ], [ -53.467937, -24.985835099999974 ], [ -53.468318499999953, -24.985905299999956 ], [ -53.469010599999933, -24.985929899999974 ], [ -53.469643399999939, -24.985841099999959 ], [ -53.470044099999939, -24.985728699999981 ], [ -53.470406199999957, -24.985582 ], [ -53.470782, -24.985362 ], [ -53.470985199999973, -24.985226399999931 ], [ -53.471113, -24.985141 ], [ -53.471399, -24.984901 ], [ -53.471688899999947, -24.984545499999967 ], [ -53.47243, -24.983642599999939 ], [ -53.472824599999967, -24.983225399999981 ], [ -53.473186199999986, -24.982936199999983 ], [ -53.473558, -24.98268319999994 ], [ -53.473878199999945, -24.982504499999948 ], [ -53.474143199999958, -24.982370899999978 ], [ -53.474659299999985, -24.982175599999948 ], [ -53.474718499999938, -24.982159399999944 ], [ -53.474709899999937, -24.981879899999967 ], [ -53.47484959999997, -24.981558 ], [ -53.47481339999996, -24.981330199999945 ], [ -53.474743499999931, -24.981177499999944 ], [ -53.474642499999959, -24.98100919999996 ], [ -53.474544199999968, -24.980649399999947 ], [ -53.474510499999951, -24.980491499999971 ], [ -53.474464699999942, -24.980410699999936 ], [ -53.474328599999978, -24.980349099999955 ], [ -53.474086, -24.980111 ], [ -53.47387109999994, -24.979862499999967 ], [ -53.47349319999995, -24.97973559999997 ], [ -53.473239499999977, -24.979598399999929 ], [ -53.473174799999981, -24.979541499999982 ], [ -53.47289, -24.979344699999956 ], [ -53.472530199999937, -24.979142799999977 ], [ -53.47198659999998, -24.978881399999977 ], [ -53.471681099999955, -24.978676899999982 ], [ -53.471354899999938, -24.978410199999928 ], [ -53.470945899999947, -24.977954599999975 ], [ -53.47081019999996, -24.977870399999972 ], [ -53.470656399999939, -24.977691799999945 ], [ -53.470404099999939, -24.977512499999932 ], [ -53.469897499999945, -24.977056299999958 ], [ -53.469656799999939, -24.976681 ], [ -53.469040699999937, -24.976256399999954 ], [ -53.468743599999982, -24.976141499999983 ], [ -53.468162899999982, -24.97577229999996 ], [ -53.467998199999954, -24.975666899999965 ], [ -53.467617399999938, -24.975486499999931 ], [ -53.467332499999941, -24.975355199999967 ], [ -53.467039499999942, -24.975150199999973 ], [ -53.466768199999933, -24.975055699999928 ], [ -53.466357499999958, -24.974819399999944 ], [ -53.465867499999945, -24.974585699999977 ], [ -53.465574499999946, -24.974441799999965 ], [ -53.465430199999957, -24.974359099999958 ], [ -53.465265699999975, -24.974150399999928 ], [ -53.465098, -24.974001499999929 ], [ -53.464735699999949, -24.973630499999956 ], [ -53.464452899999969, -24.97324459999993 ], [ -53.464228099999957, -24.973010399999964 ], [ -53.464081199999953, -24.972762099999954 ], [ -53.463827699999968, -24.972509 ], [ -53.463488, -24.972125699999935 ], [ -53.462996799999985, -24.971754699999963 ], [ -53.462617299999977, -24.970933 ], [ -53.462495899999965, -24.970667399999968 ], [ -53.462420399999985, -24.970466899999963 ], [ -53.462443, -24.970215799999949 ], [ -53.462386299999935, -24.970088399999952 ], [ -53.462358699999982, -24.96990489999996 ], [ -53.462267699999984, -24.969722199999978 ], [ -53.462228099999948, -24.969494499999939 ], [ -53.462154799999951, -24.969229799999937 ], [ -53.462088699999981, -24.969089499999939 ], [ -53.46202569999997, -24.968977799999948 ], [ -53.462032599999986, -24.968811699999947 ], [ -53.461871599999938, -24.96851259999994 ], [ -53.461789399999986, -24.96818879999995 ], [ -53.461686, -24.967849899999976 ], [ -53.461682499999938, -24.967682599999932 ], [ -53.461250899999982, -24.967746299999931 ], [ -53.461159499999951, -24.96663639999997 ], [ -53.461125799999934, -24.96594719999996 ], [ -53.461047299999962, -24.964777899999945 ], [ -53.460965199999976, -24.963604799999928 ], [ -53.460876799999937, -24.962431 ], [ -53.460799299999962, -24.961265699999956 ], [ -53.459466899999939, -24.96133059999994 ], [ -53.458145599999966, -24.961405799999966 ], [ -53.456806299999982, -24.961494099999982 ], [ -53.455460899999935, -24.96157489999996 ], [ -53.454138, -24.961648099999934 ], [ -53.452803, -24.961716399999943 ], [ -53.451463299999944, -24.961798399999964 ], [ -53.450130099999967, -24.961866199999974 ], [ -53.450209199999961, -24.962899599999957 ], [ -53.450309799999957, -24.96439179999993 ], [ -53.450363899999957, -24.965197499999931 ], [ -53.450373599999978, -24.965357 ], [ -53.451772299999959, -24.964629799999955 ], [ -53.45193729999994, -24.96718489999995 ], [ -53.453233899999987, -24.967095 ], [ -53.454392899999959, -24.967017699999928 ], [ -53.454519, -24.967026 ], [ -53.45461, -24.968146 ], [ -53.454681499999936, -24.969277699999964 ], [ -53.454755899999952, -24.970408499999962 ], [ -53.454840599999955, -24.971529499999974 ], [ -53.454912399999955, -24.972584299999937 ], [ -53.454989899999987, -24.973696599999982 ], [ -53.455029799999977, -24.974248599999953 ], [ -53.455082, -24.974964 ], [ -53.455137, -24.975543 ], [ -53.455159599999945, -24.97602969999997 ], [ -53.455157699999972, -24.97615559999997 ] ] ] ] } },
{ "type": "Feature", "properties": { "fid": 19, "CD_REGIAO": "4", "NM_REGIAO": "Sul", "CD_UF": "41", "NM_UF": "Paraná", "CD_MUN": "4104808", "NM_MUN": "Cascavel", "CD_DIST": "410480805", "NM_DIST": "Cascavel", "CD_SUBDIST": "41048080500", "NM_SUBDIST": null, "CD_BAIRRO": "4104808017", "NM_BAIRRO": "Coqueiral", "CD_RGINT": "4103", "NM_RGINT": "Cascavel", "CD_RGI": "410006", "NM_RGI": "Cascavel", "CD_CONCURB": "4104808", "NM_CONCURB": "Cascavel/PR" }, "geometry": { "type": "MultiPolygon", "coordinates": [ [ [ [ -53.48964529999995, -24.95664679999993 ], [ -53.48965039999996, -24.956713899999954 ], [ -53.489941599999952, -24.956551899999965 ], [ -53.490927699999986, -24.956094 ], [ -53.490925899999979, -24.955986499999938 ], [ -53.491834, -24.955943499999933 ], [ -53.492288499999972, -24.956607799999972 ], [ -53.492650499999968, -24.957179899999971 ], [ -53.493604599999969, -24.956659899999977 ], [ -53.493571599999939, -24.95607739999997 ], [ -53.494233299999962, -24.955742499999928 ], [ -53.494425899999953, -24.955649599999958 ], [ -53.49524839999998, -24.955559 ], [ -53.495371199999965, -24.955557 ], [ -53.497441699999968, -24.955564399999957 ], [ -53.498316899999963, -24.955572599999982 ], [ -53.498428299999944, -24.955236599999978 ], [ -53.498547599999938, -24.954859799999952 ], [ -53.498589, -24.954334299999971 ], [ -53.498625199999935, -24.953974499999958 ], [ -53.498790399999962, -24.953467699999976 ], [ -53.498878499999933, -24.953205799999978 ], [ -53.498901699999976, -24.95307239999994 ], [ -53.499209899999983, -24.952460699999961 ], [ -53.499318799999969, -24.952207 ], [ -53.499444299999936, -24.951929599999971 ], [ -53.49966459999996, -24.951425799999981 ], [ -53.499854599999935, -24.950968299999943 ], [ -53.499963, -24.950653799999941 ], [ -53.499911299999951, -24.950237299999969 ], [ -53.499891299999945, -24.949872299999981 ], [ -53.49983009999994, -24.949503099999959 ], [ -53.499756, -24.949145099999953 ], [ -53.499726599999974, -24.948916599999961 ], [ -53.499670799999933, -24.948760299999947 ], [ -53.499661, -24.948483099999976 ], [ -53.498342399999956, -24.947923599999967 ], [ -53.497520899999984, -24.947583899999927 ], [ -53.496515699999975, -24.947634499999936 ], [ -53.495387199999982, -24.94770989999995 ], [ -53.494303199999933, -24.94776909999996 ], [ -53.492990499999962, -24.947847699999954 ], [ -53.491637599999933, -24.947931899999958 ], [ -53.490367299999946, -24.948002899999949 ], [ -53.489050199999951, -24.948083299999951 ], [ -53.487737099999947, -24.948154399999964 ], [ -53.48642069999994, -24.948235699999941 ], [ -53.485108599999933, -24.948303199999941 ], [ -53.483800699999961, -24.94838539999995 ], [ -53.48247189999995, -24.948452699999962 ], [ -53.481175399999984, -24.948536699999977 ], [ -53.479854099999955, -24.948623099999963 ], [ -53.479882299999986, -24.949029199999927 ], [ -53.479936, -24.94977119999993 ], [ -53.479936799999962, -24.949781799999982 ], [ -53.480009499999937, -24.950958299999968 ], [ -53.480101899999966, -24.952126599999929 ], [ -53.480175299999985, -24.953301499999952 ], [ -53.480244199999959, -24.95417939999993 ], [ -53.480255299999953, -24.954296899999974 ], [ -53.480329799999936, -24.955426799999941 ], [ -53.480386799999962, -24.956305599999951 ], [ -53.480979299999944, -24.95641379999995 ], [ -53.481727599999942, -24.956519499999956 ], [ -53.481903099999954, -24.956553199999973 ], [ -53.482988299999931, -24.956759799999929 ], [ -53.483424799999966, -24.95683379999997 ], [ -53.483960699999955, -24.956935899999962 ], [ -53.484395199999938, -24.957003 ], [ -53.48497969999994, -24.957111299999951 ], [ -53.485602899999947, -24.957215299999973 ], [ -53.485738699999956, -24.957238 ], [ -53.485782, -24.957240399999932 ], [ -53.485908199999983, -24.957247299999949 ], [ -53.486873899999978, -24.95713829999994 ], [ -53.487043099999937, -24.957119499999976 ], [ -53.487923199999955, -24.957019699999933 ], [ -53.488346699999965, -24.956974599999967 ], [ -53.488344199999972, -24.956911 ], [ -53.48964529999995, -24.95664679999993 ] ] ] ] } },
{ "type": "Feature", "properties": { "fid": 20, "CD_REGIAO": "4", "NM_REGIAO": "Sul", "CD_UF": "41", "NM_UF": "Paraná", "CD_MUN": "4104808", "NM_MUN": "Cascavel", "CD_DIST": "410480805", "NM_DIST": "Cascavel", "CD_SUBDIST": "41048080500", "NM_SUBDIST": null, "CD_BAIRRO": "4104808014", "NM_BAIRRO": "Pioneiros Catarinenses", "CD_RGINT": "4103", "NM_RGINT": "Cascavel", "CD_RGI": "410006", "NM_RGI": "Cascavel", "CD_CONCURB": "4104808", "NM_CONCURB": "Cascavel/PR" }, "geometry": { "type": "MultiPolygon", "coordinates": [ [ [ [ -53.482612, -24.980822099999955 ], [ -53.485883299999955, -24.980257599999959 ], [ -53.486699, -24.980125099999952 ], [ -53.486788399999966, -24.980110599999932 ], [ -53.48774, -24.97994239999997 ], [ -53.488418699999954, -24.979827 ], [ -53.48924, -24.979686699999945 ], [ -53.489927499999965, -24.979600099999971 ], [ -53.490389499999935, -24.979570399999943 ], [ -53.49100489999995, -24.979559299999949 ], [ -53.491019299999948, -24.979558899999972 ], [ -53.491395799999964, -24.979546699999958 ], [ -53.492164099999968, -24.979531399999928 ], [ -53.492956399999969, -24.979517 ], [ -53.493012399999941, -24.979516 ], [ -53.493173899999931, -24.979508599999974 ], [ -53.493684499999972, -24.979493499999933 ], [ -53.494144799999958, -24.979484899999932 ], [ -53.494615599999975, -24.979467899999975 ], [ -53.494988199999966, -24.979454499999974 ], [ -53.495218499999964, -24.979450499999928 ], [ -53.495988199999942, -24.979437299999972 ], [ -53.496394099999975, -24.979422599999964 ], [ -53.496849199999986, -24.979428799999937 ], [ -53.497250599999973, -24.979455199999961 ], [ -53.497730199999978, -24.979519399999958 ], [ -53.498160899999959, -24.979614199999958 ], [ -53.498609299999941, -24.979737399999976 ], [ -53.498904399999958, -24.979837 ], [ -53.499142, -24.979931199999953 ], [ -53.49928959999994, -24.979997399999945 ], [ -53.4993, -24.979732799999965 ], [ -53.4993, -24.979619699999944 ], [ -53.499297399999932, -24.979524599999934 ], [ -53.499289399999952, -24.979410199999961 ], [ -53.499279799999954, -24.979332099999965 ], [ -53.499262499999986, -24.97925209999994 ], [ -53.499201, -24.979091499999981 ], [ -53.499088299999983, -24.978937799999983 ], [ -53.498855, -24.978706399999965 ], [ -53.498521399999959, -24.97837549999997 ], [ -53.498053, -24.977969899999948 ], [ -53.49833719999998, -24.977902099999937 ], [ -53.498003399999959, -24.977558199999976 ], [ -53.49779, -24.97736969999994 ], [ -53.497426299999972, -24.977072699999951 ], [ -53.496306, -24.976299 ], [ -53.495157199999937, -24.975481299999956 ], [ -53.49406259999995, -24.974687 ], [ -53.491827599999965, -24.973125899999957 ], [ -53.48876249999995, -24.970943699999964 ], [ -53.487779799999942, -24.970255799999961 ], [ -53.485128499999973, -24.968368299999952 ], [ -53.484504099999981, -24.967922 ], [ -53.484110799999939, -24.967639199999951 ], [ -53.482921499999975, -24.966802099999938 ], [ -53.482701599999984, -24.966643399999953 ], [ -53.480726699999934, -24.965256499999953 ], [ -53.480316399999936, -24.96538419999996 ], [ -53.479402599999958, -24.965461799999957 ], [ -53.478831, -24.965497 ], [ -53.477326599999969, -24.965593399999932 ], [ -53.477042199999971, -24.965616199999943 ], [ -53.476170899999943, -24.965689599999962 ], [ -53.476262899999938, -24.966026499999941 ], [ -53.476321299999938, -24.966255499999932 ], [ -53.476309299999969, -24.966432899999973 ], [ -53.476369099999943, -24.966786799999966 ], [ -53.476458, -24.967126899999982 ], [ -53.476504599999942, -24.967772599999932 ], [ -53.476589899999965, -24.968070399999931 ], [ -53.476605899999981, -24.968287499999974 ], [ -53.476696899999979, -24.968485299999941 ], [ -53.476658, -24.968907299999955 ], [ -53.476545099999953, -24.969479599999943 ], [ -53.476495599999964, -24.969839099999945 ], [ -53.476405899999975, -24.970113899999944 ], [ -53.476265099999978, -24.970591399999932 ], [ -53.476168599999937, -24.97102289999998 ], [ -53.476141899999959, -24.971284499999967 ], [ -53.47602859999995, -24.971754099999941 ], [ -53.47606159999998, -24.97216949999995 ], [ -53.475971299999969, -24.972522199999958 ], [ -53.475976399999979, -24.972766799999931 ], [ -53.475909599999966, -24.973130099999935 ], [ -53.47591239999997, -24.973386099999971 ], [ -53.475910399999975, -24.973626799999977 ], [ -53.475909699999931, -24.973895899999945 ], [ -53.475864699999931, -24.974173599999972 ], [ -53.475777899999969, -24.974350099999981 ], [ -53.475507799999946, -24.974672199999929 ], [ -53.475345899999979, -24.975187299999959 ], [ -53.475083099999949, -24.975586199999952 ], [ -53.475022399999943, -24.975900499999966 ], [ -53.474887, -24.976359899999977 ], [ -53.474832899999967, -24.976607 ], [ -53.474816899999951, -24.977073099999927 ], [ -53.474852, -24.977309299999945 ], [ -53.474871199999939, -24.977498199999957 ], [ -53.474953099999937, -24.977944599999944 ], [ -53.474940199999935, -24.97819579999998 ], [ -53.47489829999995, -24.978335799999968 ], [ -53.474874099999965, -24.978652799999963 ], [ -53.474884199999963, -24.978983 ], [ -53.474856099999954, -24.979197499999941 ], [ -53.474842699999954, -24.979349899999931 ], [ -53.474792099999945, -24.979469499999936 ], [ -53.474716099999966, -24.979667699999936 ], [ -53.47465909999994, -24.979874699999982 ], [ -53.474596399999939, -24.980115299999966 ], [ -53.474464699999942, -24.980410699999936 ], [ -53.474510499999951, -24.980491499999971 ], [ -53.474544199999968, -24.980649399999947 ], [ -53.474642499999959, -24.98100919999996 ], [ -53.474743499999931, -24.981177499999944 ], [ -53.47481339999996, -24.981330199999945 ], [ -53.47484959999997, -24.981558 ], [ -53.474709899999937, -24.981879899999967 ], [ -53.474718499999938, -24.982159399999944 ], [ -53.475110199999961, -24.982051699999943 ], [ -53.475648099999944, -24.981952599999943 ], [ -53.47651639999998, -24.981857099999957 ], [ -53.477435299999968, -24.98170749999997 ], [ -53.477992799999981, -24.981610099999955 ], [ -53.481744799999944, -24.980969799999968 ], [ -53.482612, -24.980822099999955 ] ] ] ] } },
{ "type": "Feature", "properties": { "fid": 21, "CD_REGIAO": "4", "NM_REGIAO": "Sul", "CD_UF": "41", "NM_UF": "Paraná", "CD_MUN": "4104808", "NM_MUN": "Cascavel", "CD_DIST": "410480805", "NM_DIST": "Cascavel", "CD_SUBDIST": "41048080500", "NM_SUBDIST": null, "CD_BAIRRO": "4104808019", "NM_BAIRRO": "Recanto Tropical", "CD_RGINT": "4103", "NM_RGINT": "Cascavel", "CD_RGI": "410006", "NM_RGI": "Cascavel", "CD_CONCURB": "4104808", "NM_CONCURB": "Cascavel/PR" }, "geometry": { "type": "MultiPolygon", "coordinates": [ [ [ [ -53.487737099999947, -24.948154399999964 ], [ -53.489050199999951, -24.948083299999951 ], [ -53.490367299999946, -24.948002899999949 ], [ -53.491637599999933, -24.947931899999958 ], [ -53.492990499999962, -24.947847699999954 ], [ -53.494303199999933, -24.94776909999996 ], [ -53.495387199999982, -24.94770989999995 ], [ -53.496515699999975, -24.947634499999936 ], [ -53.497520899999984, -24.947583899999927 ], [ -53.495306899999946, -24.946651499999973 ], [ -53.49531, -24.946706199999937 ], [ -53.494227699999954, -24.946769699999948 ], [ -53.493673399999977, -24.946799399999975 ], [ -53.492910399999971, -24.946842899999979 ], [ -53.492198199999962, -24.946890199999928 ], [ -53.491556799999955, -24.94693019999994 ], [ -53.491429299999936, -24.945018299999958 ], [ -53.491147199999943, -24.944902899999931 ], [ -53.491043899999966, -24.944830799999977 ], [ -53.490695399999936, -24.944424699999956 ], [ -53.490276299999948, -24.943950599999937 ], [ -53.490042, -24.943690799999956 ], [ -53.489856399999951, -24.943483899999933 ], [ -53.489421799999946, -24.942998299999942 ], [ -53.488773399999957, -24.942292899999927 ], [ -53.488612899999964, -24.942108599999983 ], [ -53.487991099999931, -24.941397599999959 ], [ -53.487878, -24.941237 ], [ -53.487305, -24.940574 ], [ -53.487247, -24.940507 ], [ -53.487252, -24.940307 ], [ -53.487322, -24.940188 ], [ -53.487332, -24.940005 ], [ -53.487203499999964, -24.939816499999949 ], [ -53.487207799999965, -24.939487099999951 ], [ -53.487254399999983, -24.939158099999929 ], [ -53.487314399999946, -24.938948099999948 ], [ -53.487312799999984, -24.938447699999983 ], [ -53.487214399999971, -24.937888599999951 ], [ -53.487178099999937, -24.937256899999966 ], [ -53.487175799999932, -24.936988299999939 ], [ -53.487177799999984, -24.93684369999994 ], [ -53.487215699999979, -24.936599599999965 ], [ -53.487447399999951, -24.936200799999938 ], [ -53.487706199999934, -24.935879799999952 ], [ -53.487937, -24.935497 ], [ -53.487997, -24.935095 ], [ -53.488017, -24.934603 ], [ -53.488173, -24.934173399999963 ], [ -53.488196, -24.93411 ], [ -53.488196, -24.933781 ], [ -53.488316, -24.933471 ], [ -53.488476, -24.933215 ], [ -53.488476, -24.932905 ], [ -53.488496, -24.932595 ], [ -53.488536, -24.932084 ], [ -53.488636, -24.931573 ], [ -53.488743499999941, -24.931302899999935 ], [ -53.488796, -24.931171 ], [ -53.488916, -24.930879 ], [ -53.489096, -24.930678 ], [ -53.489356, -24.930313 ], [ -53.489356, -24.929912 ], [ -53.489415, -24.929473 ], [ -53.489495, -24.928926 ], [ -53.489519599999937, -24.928732499999967 ], [ -53.489618099999973, -24.928601599999979 ], [ -53.489884399999937, -24.928520699999979 ], [ -53.49007, -24.928287699999942 ], [ -53.489139199999954, -24.928048499999932 ], [ -53.48902019999997, -24.927975799999956 ], [ -53.48906409999995, -24.927926899999932 ], [ -53.48936109999994, -24.927426599999933 ], [ -53.489635, -24.926965299999949 ], [ -53.489905199999953, -24.926510099999973 ], [ -53.490165699999977, -24.926048299999934 ], [ -53.49043329999995, -24.925573799999938 ], [ -53.490754399999958, -24.925004499999943 ], [ -53.490971699999932, -24.924833299999932 ], [ -53.4912, -24.924378299999944 ], [ -53.491508299999964, -24.92396169999995 ], [ -53.491748299999983, -24.923718299999962 ], [ -53.492045, -24.923485 ], [ -53.492613099999971, -24.923112899999978 ], [ -53.494454099999984, -24.921776899999941 ], [ -53.495003199999985, -24.921400199999937 ], [ -53.496028299999978, -24.920565 ], [ -53.497195, -24.919126699999936 ], [ -53.497385, -24.91895 ], [ -53.498843299999976, -24.91832 ], [ -53.499928299999965, -24.918065899999931 ], [ -53.500126699999953, -24.91802679999995 ], [ -53.500132699999938, -24.918017799999973 ], [ -53.500173299999972, -24.917941699999972 ], [ -53.497899599999982, -24.915674099999933 ], [ -53.497422899999947, -24.915679599999976 ], [ -53.496475099999941, -24.915860399999929 ], [ -53.495960099999934, -24.915728899999976 ], [ -53.495089, -24.915433099999973 ], [ -53.494612299999972, -24.915378299999929 ], [ -53.493965799999955, -24.915498799999966 ], [ -53.492519399999935, -24.916380899999979 ], [ -53.492020799999977, -24.916501399999959 ], [ -53.491352399999982, -24.916622 ], [ -53.490897699999948, -24.917038399999967 ], [ -53.490777099999946, -24.917361599999936 ], [ -53.490658899999971, -24.918104299999982 ], [ -53.488480099999947, -24.918802399999947 ], [ -53.48771359999995, -24.919680099999937 ], [ -53.485405199999946, -24.922395799999947 ], [ -53.483653199999935, -24.921327299999973 ], [ -53.481848, -24.922041 ], [ -53.48121, -24.922706 ], [ -53.480091, -24.923363 ], [ -53.479411, -24.923819 ], [ -53.479536, -24.924133799999936 ], [ -53.479803899999979, -24.924187399999937 ], [ -53.479661, -24.924294599999939 ], [ -53.479768199999967, -24.924508899999978 ], [ -53.479911099999981, -24.924651799999936 ], [ -53.479893199999935, -24.924830399999962 ], [ -53.479839599999934, -24.925044799999966 ], [ -53.479946799999937, -24.925116199999934 ], [ -53.479768199999967, -24.925277 ], [ -53.479732499999955, -24.92547339999993 ], [ -53.479678899999954, -24.925527 ], [ -53.479732499999955, -24.925652099999979 ], [ -53.479571699999951, -24.925669899999946 ], [ -53.479607399999963, -24.92581279999996 ], [ -53.47951809999995, -24.925973599999963 ], [ -53.479196599999966, -24.926080799999966 ], [ -53.479357399999969, -24.926295099999948 ], [ -53.479464499999949, -24.926455899999951 ], [ -53.479571699999951, -24.926616599999932 ], [ -53.479482399999938, -24.926920299999949 ], [ -53.47958959999994, -24.927098899999976 ], [ -53.479661, -24.927402499999971 ], [ -53.479803899999979, -24.927670499999977 ], [ -53.479821799999968, -24.92800989999995 ], [ -53.479911099999981, -24.928224199999931 ], [ -53.479643199999941, -24.92843849999997 ], [ -53.479571699999951, -24.928831499999944 ], [ -53.47951809999995, -24.929206599999929 ], [ -53.479268099999956, -24.92959959999996 ], [ -53.479321599999935, -24.929849699999977 ], [ -53.479178799999943, -24.929974699999946 ], [ -53.479160899999954, -24.930189 ], [ -53.479178799999943, -24.930474799999956 ], [ -53.47894649999995, -24.930760599999928 ], [ -53.479035899999985, -24.930903499999943 ], [ -53.478964399999938, -24.931064299999946 ], [ -53.478714299999979, -24.931260799999961 ], [ -53.478332799999976, -24.931442199999935 ], [ -53.478285599999936, -24.93172519999996 ], [ -53.478160599999967, -24.931760899999972 ], [ -53.478035599999941, -24.932028799999955 ], [ -53.477999899999986, -24.932207399999982 ], [ -53.477892699999984, -24.93240389999994 ], [ -53.47791049999995, -24.932618299999945 ], [ -53.47791049999995, -24.932850499999972 ], [ -53.47786039999994, -24.932922099999928 ], [ -53.477785499999982, -24.933029099999942 ], [ -53.477821199999937, -24.933207699999969 ], [ -53.477821199999937, -24.933547099999942 ], [ -53.477928399999939, -24.93369 ], [ -53.477807799999937, -24.933883599999945 ], [ -53.477658299999973, -24.934186599999975 ], [ -53.477724899999941, -24.934388699999943 ], [ -53.477714099999957, -24.935333299999968 ], [ -53.478049699999985, -24.936328699999933 ], [ -53.4785, -24.937905399999977 ], [ -53.478838099999962, -24.938258499999961 ], [ -53.478858299999956, -24.938465099999974 ], [ -53.478984799999978, -24.938619399999936 ], [ -53.479034099999978, -24.938654299999939 ], [ -53.480061699999965, -24.938972099999944 ], [ -53.479838, -24.939589 ], [ -53.479706, -24.940028 ], [ -53.47965, -24.94036 ], [ -53.479669, -24.940699 ], [ -53.479706, -24.941 ], [ -53.479713, -24.941363 ], [ -53.479656, -24.941821 ], [ -53.479518, -24.942214 ], [ -53.479448, -24.94242 ], [ -53.479437, -24.942635 ], [ -53.479454899999951, -24.942857199999935 ], [ -53.479454799999985, -24.942999899999961 ], [ -53.479023199999972, -24.94305879999996 ], [ -53.478233599999953, -24.943068699999969 ], [ -53.476895199999944, -24.943144299999972 ], [ -53.475882, -24.943212499999959 ], [ -53.475949599999979, -24.944255399999975 ], [ -53.476974899999959, -24.944188299999951 ], [ -53.477042899999958, -24.945255399999951 ], [ -53.477089699999965, -24.94598 ], [ -53.477067099999942, -24.94598179999997 ], [ -53.476954099999944, -24.946007799999961 ], [ -53.476873099999978, -24.946048799999971 ], [ -53.476803099999984, -24.946105799999941 ], [ -53.47674509999996, -24.94617379999994 ], [ -53.476702099999954, -24.946252799999968 ], [ -53.476677099999961, -24.946338799999978 ], [ -53.476667099999986, -24.946427799999981 ], [ -53.476667899999939, -24.946444799999938 ], [ -53.476669099999981, -24.946472799999981 ], [ -53.476687099999936, -24.946560799999929 ], [ -53.476722099999961, -24.94664279999995 ], [ -53.476772099999948, -24.946717799999931 ], [ -53.476836099999957, -24.946780799999942 ], [ -53.476912099999936, -24.946829799999932 ], [ -53.476996099999951, -24.946862799999963 ], [ -53.477085099999954, -24.946877799999982 ], [ -53.477094199999954, -24.946877799999982 ], [ -53.477174099999957, -24.94687579999993 ], [ -53.477219099999957, -24.946865799999955 ], [ -53.477229, -24.946862 ], [ -53.477343099999985, -24.946817799999963 ], [ -53.477416099999971, -24.946766799999978 ], [ -53.477478099999985, -24.946700799999974 ], [ -53.477524099999982, -24.946623799999941 ], [ -53.477555099999961, -24.946539799999982 ], [ -53.477569099999982, -24.94645079999998 ], [ -53.477566099999933, -24.94640279999993 ], [ -53.477563299999986, -24.946387699999946 ], [ -53.478131399999938, -24.946361299999978 ], [ -53.479681599999935, -24.946271499999966 ], [ -53.479719399999965, -24.946673099999941 ], [ -53.479772299999979, -24.94743909999994 ], [ -53.479854099999955, -24.948623099999963 ], [ -53.481175399999984, -24.948536699999977 ], [ -53.48247189999995, -24.948452699999962 ], [ -53.483800699999961, -24.94838539999995 ], [ -53.485108599999933, -24.948303199999941 ], [ -53.48642069999994, -24.948235699999941 ], [ -53.487737099999947, -24.948154399999964 ] ] ], [ [ [ -53.491009, -24.942510199999958 ], [ -53.491544399999952, -24.942735699999957 ], [ -53.492112, -24.942980099999943 ], [ -53.492149, -24.942912499999977 ], [ -53.492299799999955, -24.942614599999956 ], [ -53.500255, -24.946041099999945 ], [ -53.500378499999954, -24.945568099999946 ], [ -53.500351399999943, -24.94516079999994 ], [ -53.500260799999978, -24.944787 ], [ -53.500456, -24.944367 ], [ -53.500529, -24.943995199999961 ], [ -53.500676099999964, -24.943683499999963 ], [ -53.500741, -24.943324699999948 ], [ -53.493607899999972, -24.940321199999971 ], [ -53.493446499999948, -24.940383199999928 ], [ -53.492931799999951, -24.940015 ], [ -53.492440499999987, -24.939692299999933 ], [ -53.491869699999938, -24.940813499999933 ], [ -53.49186629999997, -24.940820199999962 ], [ -53.491009, -24.942510199999958 ] ] ] ] } },
{ "type": "Feature", "properties": { "fid": 22, "CD_REGIAO": "4", "NM_REGIAO": "Sul", "CD_UF": "41", "NM_UF": "Paraná", "CD_MUN": "4104808", "NM_MUN": "Cascavel", "CD_DIST": "410480805", "NM_DIST": "Cascavel", "CD_SUBDIST": "41048080500", "NM_SUBDIST": null, "CD_BAIRRO": "4104808033", "NM_BAIRRO": "Santa Felicidade", "CD_RGINT": "4103", "NM_RGINT": "Cascavel", "CD_RGI": "410006", "NM_RGI": "Cascavel", "CD_CONCURB": "4104808", "NM_CONCURB": "Cascavel/PR" }, "geometry": { "type": "MultiPolygon", "coordinates": [ [ [ [ -53.463596099999961, -25.003146699999945 ], [ -53.47002939999993, -25.003567399999952 ], [ -53.470402, -25.000985599999979 ], [ -53.469751, -25.000909199999967 ], [ -53.470029699999941, -24.99933249999998 ], [ -53.471822799999984, -24.999963299999933 ], [ -53.472830399999964, -24.998749099999941 ], [ -53.476498899999967, -24.999549699999932 ], [ -53.476099, -24.999203 ], [ -53.476179, -24.998984 ], [ -53.476382099999967, -24.998630299999945 ], [ -53.476119399999959, -24.998245499999939 ], [ -53.476240299999972, -24.99807439999995 ], [ -53.47341549999993, -24.996134899999959 ], [ -53.476386, -24.995452399999976 ], [ -53.476348499999972, -24.995191199999965 ], [ -53.476314199999933, -24.994971 ], [ -53.476312199999938, -24.994958299999951 ], [ -53.476027499999987, -24.994834 ], [ -53.475659899999982, -24.994513 ], [ -53.475722, -24.994228299999975 ], [ -53.47573239999997, -24.993953899999951 ], [ -53.475577, -24.993658699999969 ], [ -53.475401, -24.993265299999962 ], [ -53.475344099999973, -24.992892499999982 ], [ -53.475535599999944, -24.992783799999927 ], [ -53.475701299999969, -24.992716499999972 ], [ -53.475784099999942, -24.99265429999997 ], [ -53.475846299999944, -24.992561199999955 ], [ -53.476043, -24.99241619999998 ], [ -53.476063699999941, -24.99227639999998 ], [ -53.475913599999956, -24.992152099999942 ], [ -53.475820399999975, -24.991996799999981 ], [ -53.475773799999956, -24.991836299999932 ], [ -53.475773799999956, -24.991670699999929 ], [ -53.475898, -24.99155159999998 ], [ -53.475856599999986, -24.991417 ], [ -53.475722, -24.991339299999936 ], [ -53.475375099999951, -24.991256499999963 ], [ -53.475111099999936, -24.991049399999952 ], [ -53.47492989999995, -24.990428099999974 ], [ -53.474924699999974, -24.989941399999964 ], [ -53.475054099999966, -24.989641099999972 ], [ -53.475085199999967, -24.989346 ], [ -53.475219799999934, -24.988616 ], [ -53.475240499999984, -24.988139699999977 ], [ -53.47510589999996, -24.987394199999983 ], [ -53.475250899999935, -24.986964499999942 ], [ -53.475199099999941, -24.986767699999973 ], [ -53.475126599999953, -24.986306899999931 ], [ -53.475147299999946, -24.986074 ], [ -53.475059299999941, -24.985763299999974 ], [ -53.475017899999955, -24.985483699999975 ], [ -53.47479009999995, -24.985162699999933 ], [ -53.474866499999962, -24.984884199999954 ], [ -53.47494649999993, -24.984674199999972 ], [ -53.474950599999943, -24.984426099999951 ], [ -53.474851699999931, -24.984219099999962 ], [ -53.474892399999931, -24.983857799999953 ], [ -53.474722799999938, -24.983531899999946 ], [ -53.474572599999931, -24.983138399999973 ], [ -53.474645099999975, -24.982729399999982 ], [ -53.474660699999959, -24.982532699999979 ], [ -53.474718499999938, -24.982159399999944 ], [ -53.474659299999985, -24.982175599999948 ], [ -53.474143199999958, -24.982370899999978 ], [ -53.473878199999945, -24.982504499999948 ], [ -53.473558, -24.98268319999994 ], [ -53.473186199999986, -24.982936199999983 ], [ -53.472824599999967, -24.983225399999981 ], [ -53.47243, -24.983642599999939 ], [ -53.471688899999947, -24.984545499999967 ], [ -53.471399, -24.984901 ], [ -53.471113, -24.985141 ], [ -53.470985199999973, -24.985226399999931 ], [ -53.470782, -24.985362 ], [ -53.470406199999957, -24.985582 ], [ -53.470044099999939, -24.985728699999981 ], [ -53.469643399999939, -24.985841099999959 ], [ -53.469010599999933, -24.985929899999974 ], [ -53.468318499999953, -24.985905299999956 ], [ -53.467937, -24.985835099999974 ], [ -53.467612499999973, -24.985742 ], [ -53.465701899999942, -24.985021199999949 ], [ -53.465556499999934, -24.984964399999967 ], [ -53.464080099999933, -24.984402799999941 ], [ -53.463323799999955, -24.98411509999994 ], [ -53.460431599999936, -24.98300219999993 ], [ -53.458319899999935, -24.982189099999971 ], [ -53.457239, -24.98176849999993 ], [ -53.456950099999972, -24.981658299999935 ], [ -53.456423099999938, -24.981459899999948 ], [ -53.456007499999942, -24.981306099999983 ], [ -53.455411599999934, -24.981074599999943 ], [ -53.45510029999997, -24.980955699999981 ], [ -53.453455299999973, -24.980327399999965 ], [ -53.453218599999957, -24.980909499999939 ], [ -53.453057, -24.981358 ], [ -53.452882, -24.981787 ], [ -53.452800299999979, -24.981999099999939 ], [ -53.452678499999934, -24.982293899999945 ], [ -53.452631099999962, -24.98240629999998 ], [ -53.452157499999942, -24.983532 ], [ -53.452286, -24.984234799999967 ], [ -53.452353599999981, -24.984603599999957 ], [ -53.452527099999941, -24.985542 ], [ -53.452698299999952, -24.986477899999954 ], [ -53.452871699999946, -24.987436699999932 ], [ -53.453037699999982, -24.988437599999941 ], [ -53.453169299999956, -24.989139699999953 ], [ -53.453211099999976, -24.989403 ], [ -53.453285299999948, -24.989831899999956 ], [ -53.453351, -24.990204399999982 ], [ -53.453414899999984, -24.990527399999962 ], [ -53.453523699999948, -24.991126799999961 ], [ -53.453648399999963, -24.991847899999982 ], [ -53.45353, -24.991885899999943 ], [ -53.45344, -24.991940899999975 ], [ -53.453365, -24.992054899999971 ], [ -53.453365, -24.992185899999981 ], [ -53.453463599999964, -24.992318299999965 ], [ -53.453565399999945, -24.992362399999934 ], [ -53.453742199999965, -24.992355499999974 ], [ -53.45392929999997, -24.993294299999945 ], [ -53.454077099999949, -24.994025199999953 ], [ -53.454288799999972, -24.994601199999977 ], [ -53.454526899999962, -24.995249099999967 ], [ -53.454860699999983, -24.996157199999971 ], [ -53.455011799999966, -24.996568299999979 ], [ -53.455053699999951, -24.996685799999966 ], [ -53.455308499999944, -24.997401599999932 ], [ -53.455308899999977, -24.997402699999952 ], [ -53.455404499999986, -24.997652199999948 ], [ -53.45552669999995, -24.997971299999961 ], [ -53.45576079999995, -24.998582399999975 ], [ -53.455781499999944, -24.998636199999964 ], [ -53.456169599999953, -24.999625799999933 ], [ -53.456857899999932, -25.00135169999993 ], [ -53.456894699999964, -25.001440099999968 ], [ -53.457406899999967, -25.002670399999943 ], [ -53.457616199999961, -25.002689299999929 ], [ -53.45889029999995, -25.00279009999997 ], [ -53.459700399999974, -25.00284929999998 ], [ -53.459855, -25.003701699999965 ], [ -53.460857, -25.003699599999948 ], [ -53.460737299999948, -25.002923599999974 ], [ -53.46145359999997, -25.00297409999996 ], [ -53.462741699999981, -25.003059 ], [ -53.463596099999961, -25.003146699999945 ] ] ] ] } },
{ "type": "Feature", "properties": { "fid": 23, "CD_REGIAO": "4", "NM_REGIAO": "Sul", "CD_UF": "41", "NM_UF": "Paraná", "CD_MUN": "4104808", "NM_MUN": "Cascavel", "CD_DIST": "410480805", "NM_DIST": "Cascavel", "CD_SUBDIST": "41048080500", "NM_SUBDIST": null, "CD_BAIRRO": "4104808031", "NM_BAIRRO": "Universitário", "CD_RGINT": "4103", "NM_RGINT": "Cascavel", "CD_RGI": "410006", "NM_RGI": "Cascavel", "CD_CONCURB": "4104808", "NM_CONCURB": "Cascavel/PR" }, "geometry": { "type": "MultiPolygon", "coordinates": [ [ [ [ -53.437370399999963, -24.981593699999962 ], [ -53.43736709999996, -24.981727599999942 ], [ -53.437315299999966, -24.981826 ], [ -53.437247799999966, -24.981898499999943 ], [ -53.437093, -24.981912 ], [ -53.436887, -24.981912 ], [ -53.436667, -24.981988 ], [ -53.436497299999985, -24.982183199999952 ], [ -53.436357499999986, -24.982374799999945 ], [ -53.436150399999974, -24.982457599999975 ], [ -53.435798299999931, -24.982618099999968 ], [ -53.435622299999977, -24.982783799999936 ], [ -53.435513599999979, -24.983146199999965 ], [ -53.435327199999961, -24.983513799999969 ], [ -53.435109799999964, -24.984078099999977 ], [ -53.435006199999975, -24.984430199999963 ], [ -53.43509419999998, -24.984766699999966 ], [ -53.435170199999959, -24.985153199999957 ], [ -53.435294299999953, -24.985715599999935 ], [ -53.435549799999933, -24.98603769999994 ], [ -53.435557599999981, -24.986340599999949 ], [ -53.435306499999967, -24.986705599999937 ], [ -53.435133099999973, -24.986951499999975 ], [ -53.435026899999968, -24.987184499999955 ], [ -53.435056699999961, -24.987511499999982 ], [ -53.435072, -24.98796939999994 ], [ -53.43507859999994, -24.98799189999994 ], [ -53.435166699999968, -24.988292399999978 ], [ -53.435435899999959, -24.988566799999944 ], [ -53.435637799999938, -24.988929299999938 ], [ -53.435601599999984, -24.989100099999973 ], [ -53.435482499999978, -24.98931239999996 ], [ -53.435213299999987, -24.989436599999976 ], [ -53.434964799999932, -24.989726599999983 ], [ -53.434788799999978, -24.99009419999993 ], [ -53.434830199999965, -24.990503199999978 ], [ -53.435202899999979, -24.990710299999932 ], [ -53.435756899999944, -24.990762 ], [ -53.436176299999943, -24.990746499999943 ], [ -53.436383399999954, -24.990777599999944 ], [ -53.436437, -24.991076 ], [ -53.436341, -24.991302 ], [ -53.436149, -24.99139 ], [ -53.436039, -24.991528 ], [ -53.436012, -24.991703 ], [ -53.435819, -24.991941 ], [ -53.435723, -24.992155 ], [ -53.435778, -24.992368 ], [ -53.435613, -24.993271 ], [ -53.43574289999998, -24.993665199999953 ], [ -53.433994699999971, -24.99361609999994 ], [ -53.430364699999984, -24.993486099999927 ], [ -53.432301199999984, -25.000944499999946 ], [ -53.435140399999966, -25.001154699999972 ], [ -53.435344399999963, -25.001259 ], [ -53.450201799999945, -25.002209499999935 ], [ -53.457406899999967, -25.002670399999943 ], [ -53.456894699999964, -25.001440099999968 ], [ -53.456857899999932, -25.00135169999993 ], [ -53.456169599999953, -24.999625799999933 ], [ -53.455781499999944, -24.998636199999964 ], [ -53.45576079999995, -24.998582399999975 ], [ -53.45552669999995, -24.997971299999961 ], [ -53.455404499999986, -24.997652199999948 ], [ -53.455308899999977, -24.997402699999952 ], [ -53.455308499999944, -24.997401599999932 ], [ -53.455053699999951, -24.996685799999966 ], [ -53.455011799999966, -24.996568299999979 ], [ -53.454860699999983, -24.996157199999971 ], [ -53.454526899999962, -24.995249099999967 ], [ -53.454288799999972, -24.994601199999977 ], [ -53.454077099999949, -24.994025199999953 ], [ -53.45392929999997, -24.993294299999945 ], [ -53.453742199999965, -24.992355499999974 ], [ -53.453565399999945, -24.992362399999934 ], [ -53.453463599999964, -24.992318299999965 ], [ -53.453365, -24.992185899999981 ], [ -53.453365, -24.992054899999971 ], [ -53.45344, -24.991940899999975 ], [ -53.45353, -24.991885899999943 ], [ -53.453648399999963, -24.991847899999982 ], [ -53.453523699999948, -24.991126799999961 ], [ -53.453414899999984, -24.990527399999962 ], [ -53.453351, -24.990204399999982 ], [ -53.453285299999948, -24.989831899999956 ], [ -53.453211099999976, -24.989403 ], [ -53.453169299999956, -24.989139699999953 ], [ -53.453037699999982, -24.988437599999941 ], [ -53.452871699999946, -24.987436699999932 ], [ -53.452698299999952, -24.986477899999954 ], [ -53.452527099999941, -24.985542 ], [ -53.452353599999981, -24.984603599999957 ], [ -53.452286, -24.984234799999967 ], [ -53.452157499999942, -24.983532 ], [ -53.452631099999962, -24.98240629999998 ], [ -53.452678499999934, -24.982293899999945 ], [ -53.452800299999979, -24.981999099999939 ], [ -53.452882, -24.981787 ], [ -53.453057, -24.981358 ], [ -53.453218599999957, -24.980909499999939 ], [ -53.453455299999973, -24.980327399999965 ], [ -53.453373799999952, -24.980293 ], [ -53.452896099999975, -24.980104499999982 ], [ -53.452456, -24.979943599999956 ], [ -53.452059599999984, -24.979784099999961 ], [ -53.451090799999974, -24.979412899999943 ], [ -53.450472699999978, -24.979176 ], [ -53.44979079999996, -24.978920499999958 ], [ -53.449256, -24.978713599999935 ], [ -53.449034299999937, -24.97862779999997 ], [ -53.448395799999957, -24.978382599999975 ], [ -53.447938099999931, -24.978206799999953 ], [ -53.447120899999959, -24.97789279999995 ], [ -53.446502299999963, -24.977644 ], [ -53.44602169999996, -24.977450699999963 ], [ -53.445601199999942, -24.977248699999961 ], [ -53.445241899999985, -24.977076099999977 ], [ -53.444893799999932, -24.976911799999982 ], [ -53.444306899999958, -24.976633899999968 ], [ -53.443955399999936, -24.976467699999944 ], [ -53.442781499999967, -24.975912599999958 ], [ -53.441908699999942, -24.97550039999993 ], [ -53.441247, -24.97517849999997 ], [ -53.441059499999938, -24.975085799999931 ], [ -53.439920299999983, -24.974545699999965 ], [ -53.438435399999946, -24.973841499999935 ], [ -53.437439599999948, -24.973370599999953 ], [ -53.436678299999983, -24.97301669999996 ], [ -53.436313899999959, -24.972842299999968 ], [ -53.435205699999983, -24.972311799999943 ], [ -53.435150499999963, -24.972285899999974 ], [ -53.435045, -24.972236499999951 ], [ -53.435096, -24.973446899999942 ], [ -53.435106399999938, -24.974131 ], [ -53.435008899999957, -24.975145199999929 ], [ -53.435018099999979, -24.975472699999955 ], [ -53.43514179999994, -24.976247499999943 ], [ -53.435294899999974, -24.976702399999965 ], [ -53.435438499999975, -24.976930799999934 ], [ -53.435552399999949, -24.977241399999969 ], [ -53.435415199999966, -24.977901499999973 ], [ -53.435433299999943, -24.978201799999965 ], [ -53.435508399999947, -24.978538399999934 ], [ -53.435539499999948, -24.979014699999937 ], [ -53.435485099999937, -24.979560899999967 ], [ -53.435560199999941, -24.979824899999983 ], [ -53.435490299999969, -24.980068299999971 ], [ -53.435423299999968, -24.980198299999984 ], [ -53.43540489999998, -24.980233899999973 ], [ -53.43538929999994, -24.980544599999973 ], [ -53.435358299999962, -24.980860399999983 ], [ -53.435350299999982, -24.981363499999929 ], [ -53.435478199999977, -24.981604 ], [ -53.435959199999957, -24.981454 ], [ -53.436289199999976, -24.981352299999969 ], [ -53.436811199999966, -24.981414299999983 ], [ -53.437272, -24.981523 ], [ -53.437370399999963, -24.981593699999962 ] ] ] ] } },
{ "type": "Feature", "properties": { "fid": 24, "CD_REGIAO": "4", "NM_REGIAO": "Sul", "CD_UF": "41", "NM_UF": "Paraná", "CD_MUN": "4104808", "NM_MUN": "Cascavel", "CD_DIST": "410480805", "NM_DIST": "Cascavel", "CD_SUBDIST": "41048080500", "NM_SUBDIST": null, "CD_BAIRRO": "4104808034", "NM_BAIRRO": "Quatorze de Novembro", "CD_RGINT": "4103", "NM_RGINT": "Cascavel", "CD_RGI": "410006", "NM_RGI": "Cascavel", "CD_CONCURB": "4104808", "NM_CONCURB": "Cascavel/PR" }, "geometry": { "type": "MultiPolygon", "coordinates": [ [ [ [ -53.477992799999981, -24.981610099999955 ], [ -53.477435299999968, -24.98170749999997 ], [ -53.47651639999998, -24.981857099999957 ], [ -53.475648099999944, -24.981952599999943 ], [ -53.475110199999961, -24.982051699999943 ], [ -53.474718499999938, -24.982159399999944 ], [ -53.474660699999959, -24.982532699999979 ], [ -53.474645099999975, -24.982729399999982 ], [ -53.474572599999931, -24.983138399999973 ], [ -53.474722799999938, -24.983531899999946 ], [ -53.474892399999931, -24.983857799999953 ], [ -53.474851699999931, -24.984219099999962 ], [ -53.474950599999943, -24.984426099999951 ], [ -53.47494649999993, -24.984674199999972 ], [ -53.474866499999962, -24.984884199999954 ], [ -53.47479009999995, -24.985162699999933 ], [ -53.475017899999955, -24.985483699999975 ], [ -53.475059299999941, -24.985763299999974 ], [ -53.475147299999946, -24.986074 ], [ -53.475126599999953, -24.986306899999931 ], [ -53.475199099999941, -24.986767699999973 ], [ -53.475250899999935, -24.986964499999942 ], [ -53.47510589999996, -24.987394199999983 ], [ -53.475240499999984, -24.988139699999977 ], [ -53.475219799999934, -24.988616 ], [ -53.475085199999967, -24.989346 ], [ -53.475054099999966, -24.989641099999972 ], [ -53.474924699999974, -24.989941399999964 ], [ -53.47492989999995, -24.990428099999974 ], [ -53.475111099999936, -24.991049399999952 ], [ -53.475375099999951, -24.991256499999963 ], [ -53.475722, -24.991339299999936 ], [ -53.475856599999986, -24.991417 ], [ -53.475898, -24.99155159999998 ], [ -53.475773799999956, -24.991670699999929 ], [ -53.475773799999956, -24.991836299999932 ], [ -53.475820399999975, -24.991996799999981 ], [ -53.475913599999956, -24.992152099999942 ], [ -53.476063699999941, -24.99227639999998 ], [ -53.476043, -24.99241619999998 ], [ -53.475846299999944, -24.992561199999955 ], [ -53.475784099999942, -24.99265429999997 ], [ -53.475701299999969, -24.992716499999972 ], [ -53.475535599999944, -24.992783799999927 ], [ -53.475344099999973, -24.992892499999982 ], [ -53.475401, -24.993265299999962 ], [ -53.475577, -24.993658699999969 ], [ -53.47573239999997, -24.993953899999951 ], [ -53.475722, -24.994228299999975 ], [ -53.475659899999982, -24.994513 ], [ -53.476027499999987, -24.994834 ], [ -53.476312199999938, -24.994958299999951 ], [ -53.476314199999933, -24.994971 ], [ -53.476348499999972, -24.995191199999965 ], [ -53.476386, -24.995452399999976 ], [ -53.477126799999951, -24.995252499999935 ], [ -53.477665799999954, -24.996738899999968 ], [ -53.479277399999944, -24.997040899999945 ], [ -53.481987699999934, -24.99920149999997 ], [ -53.479978599999981, -25.000054299999931 ], [ -53.476950499999987, -25.000283399999944 ], [ -53.476472299999955, -25.000747299999944 ], [ -53.476531899999941, -25.001254299999971 ], [ -53.476526299999932, -25.001944599999945 ], [ -53.475299599999971, -25.003649 ], [ -53.494054, -25.003643199999942 ], [ -53.509222299999976, -24.989971099999934 ], [ -53.508861699999954, -24.989582799999937 ], [ -53.508031699999947, -24.988692199999946 ], [ -53.506967799999984, -24.987548799999956 ], [ -53.50646, -24.986978799999974 ], [ -53.505617099999938, -24.986077199999954 ], [ -53.504860599999972, -24.985265399999946 ], [ -53.504218, -24.984567399999946 ], [ -53.504105099999947, -24.984593899999936 ], [ -53.504446299999984, -24.984958799999959 ], [ -53.504172, -24.985123 ], [ -53.503823299999965, -24.985375 ], [ -53.503554, -24.985851299999979 ], [ -53.503357299999948, -24.986327599999981 ], [ -53.503072499999973, -24.986576199999945 ], [ -53.502648, -24.986731499999962 ], [ -53.50224419999995, -24.987068 ], [ -53.501752299999964, -24.98759089999993 ], [ -53.501177599999949, -24.98821739999994 ], [ -53.500758299999973, -24.988533199999949 ], [ -53.500017899999932, -24.989066499999979 ], [ -53.499572199999932, -24.989368 ], [ -53.499282199999982, -24.989577 ], [ -53.499041699999964, -24.989804 ], [ -53.498870599999975, -24.990070699999933 ], [ -53.49862719999993, -24.990613699999983 ], [ -53.498234799999977, -24.991253599999936 ], [ -53.497976899999969, -24.991545599999938 ], [ -53.49780549999997, -24.991760199999931 ], [ -53.497706899999969, -24.991989099999955 ], [ -53.497529, -24.992103 ], [ -53.497169, -24.99214 ], [ -53.497069, -24.992286 ], [ -53.497049, -24.992578 ], [ -53.496909, -24.99287 ], [ -53.49651, -24.992925 ], [ -53.49607, -24.993016 ], [ -53.49575, -24.99318 ], [ -53.495351, -24.99349 ], [ -53.495091, -24.993727 ], [ -53.494831, -24.994275 ], [ -53.494486299999949, -24.994495399999948 ], [ -53.494055399999979, -24.991249099999948 ], [ -53.493878699999982, -24.990024 ], [ -53.493242799999962, -24.990105699999958 ], [ -53.492620299999942, -24.990195 ], [ -53.491996099999938, -24.990282199999967 ], [ -53.491349599999978, -24.990364099999965 ], [ -53.490942799999971, -24.990432399999975 ], [ -53.490767099999971, -24.990404799999965 ], [ -53.490161499999942, -24.990108299999974 ], [ -53.49012, -24.990090199999941 ], [ -53.49018, -24.9899 ], [ -53.490220099999931, -24.989756499999942 ], [ -53.490278299999943, -24.989449299999933 ], [ -53.490244699999948, -24.98932 ], [ -53.490181399999983, -24.989147399999979 ], [ -53.490219899999943, -24.988866199999961 ], [ -53.490133399999934, -24.988602799999967 ], [ -53.490122, -24.988320299999941 ], [ -53.490218499999969, -24.988195799999971 ], [ -53.490365, -24.98788 ], [ -53.490385499999945, -24.987575699999979 ], [ -53.490417399999956, -24.987381 ], [ -53.490446499999962, -24.987086 ], [ -53.490458, -24.986778099999981 ], [ -53.490455399999973, -24.98660979999994 ], [ -53.490538199999946, -24.986361299999942 ], [ -53.49059, -24.986027399999955 ], [ -53.490740099999982, -24.985758099999941 ], [ -53.490831599999979, -24.985650899999939 ], [ -53.490891799999986, -24.985358899999937 ], [ -53.491038799999956, -24.985060799999928 ], [ -53.491070099999945, -24.984891499999947 ], [ -53.491138899999953, -24.984378799999945 ], [ -53.491211899999939, -24.984032599999978 ], [ -53.491337499999986, -24.983851099999981 ], [ -53.49134829999997, -24.983159799999953 ], [ -53.491378499999939, -24.982345 ], [ -53.49141039999995, -24.98131 ], [ -53.491431899999952, -24.98077939999996 ], [ -53.492185, -24.980814699999939 ], [ -53.492164099999968, -24.979531399999928 ], [ -53.491395799999964, -24.979546699999958 ], [ -53.491019299999948, -24.979558899999972 ], [ -53.49100489999995, -24.979559299999949 ], [ -53.490389499999935, -24.979570399999943 ], [ -53.489927499999965, -24.979600099999971 ], [ -53.48924, -24.979686699999945 ], [ -53.488418699999954, -24.979827 ], [ -53.48774, -24.97994239999997 ], [ -53.486788399999966, -24.980110599999932 ], [ -53.486699, -24.980125099999952 ], [ -53.485883299999955, -24.980257599999959 ], [ -53.482612, -24.980822099999955 ], [ -53.481744799999944, -24.980969799999968 ], [ -53.477992799999981, -24.981610099999955 ] ] ] ] } },
{ "type": "Feature", "properties": { "fid": 25, "CD_REGIAO": "4", "NM_REGIAO": "Sul", "CD_UF": "41", "NM_UF": "Paraná", "CD_MUN": "4104808", "NM_MUN": "Cascavel", "CD_DIST": "410480805", "NM_DIST": "Cascavel", "CD_SUBDIST": "41048080500", "NM_SUBDIST": null, "CD_BAIRRO": "4104808040", "NM_BAIRRO": "Vista Linda", "CD_RGINT": "4103", "NM_RGINT": "Cascavel", "CD_RGI": "410006", "NM_RGI": "Cascavel", "CD_CONCURB": "4104808", "NM_CONCURB": "Cascavel/PR" }, "geometry": { "type": "MultiPolygon", "coordinates": [ [ [ [ -53.475651399999947, -24.918976399999963 ], [ -53.475580099999945, -24.918940599999928 ], [ -53.475030099999969, -24.918665199999964 ], [ -53.474462599999981, -24.918379899999934 ], [ -53.473263799999984, -24.917778399999975 ], [ -53.472907599999985, -24.91759959999996 ], [ -53.464601799999969, -24.913347699999974 ], [ -53.464399299999968, -24.913489599999934 ], [ -53.464343, -24.913562 ], [ -53.462365, -24.916066 ], [ -53.46143, -24.917324 ], [ -53.461015, -24.917814 ], [ -53.460752, -24.918058 ], [ -53.460413, -24.918369 ], [ -53.459132, -24.919457 ], [ -53.458362, -24.920106 ], [ -53.458098699999937, -24.920327599999951 ], [ -53.457900799999948, -24.920494399999939 ], [ -53.457630399999971, -24.920721799999967 ], [ -53.457432799999935, -24.920893199999966 ], [ -53.457295699999975, -24.921010799999976 ], [ -53.456486699999971, -24.921713499999953 ], [ -53.455461899999932, -24.922591199999943 ], [ -53.455399499999942, -24.922644599999956 ], [ -53.454626899999937, -24.923316499999942 ], [ -53.453365499999961, -24.924412 ], [ -53.452554, -24.925113099999976 ], [ -53.451979399999971, -24.925595 ], [ -53.451634599999977, -24.925982499999975 ], [ -53.451255099999969, -24.926467499999944 ], [ -53.451006699999937, -24.926803099999972 ], [ -53.450908099999936, -24.926944299999946 ], [ -53.450441799999965, -24.927612599999975 ], [ -53.449634599999968, -24.928780699999948 ], [ -53.449529299999938, -24.928979699999957 ], [ -53.449470399999939, -24.929092699999956 ], [ -53.449357499999962, -24.929239 ], [ -53.449233199999981, -24.929351 ], [ -53.448984, -24.929671 ], [ -53.448907599999984, -24.929842 ], [ -53.448819299999968, -24.930026899999973 ], [ -53.448930599999983, -24.930040099999928 ], [ -53.449764799999969, -24.93010019999997 ], [ -53.450112199999978, -24.930085099999928 ], [ -53.450620399999934, -24.93003159999995 ], [ -53.451062799999931, -24.929966799999931 ], [ -53.451466399999958, -24.929860899999937 ], [ -53.451857699999948, -24.929761599999949 ], [ -53.452016899999933, -24.92971 ], [ -53.452238599999987, -24.929638099999977 ], [ -53.452739799999961, -24.929453699999954 ], [ -53.453288499999985, -24.929190099999971 ], [ -53.454018099999985, -24.928807899999981 ], [ -53.454846699999962, -24.928368199999966 ], [ -53.455163, -24.928202599999963 ], [ -53.455923299999938, -24.927800499999933 ], [ -53.456120899999974, -24.927697199999955 ], [ -53.457762699999932, -24.926839099999938 ], [ -53.458881799999972, -24.926254099999937 ], [ -53.459477199999981, -24.925979899999959 ], [ -53.45994109999998, -24.925807099999929 ], [ -53.460327399999983, -24.925683799999945 ], [ -53.460839499999963, -24.925574099999949 ], [ -53.461095899999975, -24.925536099999931 ], [ -53.461382899999933, -24.92550179999995 ], [ -53.461755799999935, -24.925482899999963 ], [ -53.46213819999997, -24.925480099999959 ], [ -53.462841799999978, -24.925476599999968 ], [ -53.463461099999961, -24.92547129999997 ], [ -53.463708899999972, -24.925459099999955 ], [ -53.463982099999953, -24.92543349999994 ], [ -53.464472799999953, -24.925356499999964 ], [ -53.464923, -24.925252399999977 ], [ -53.465681099999983, -24.925015499999972 ], [ -53.466060899999945, -24.924859199999958 ], [ -53.466076899999962, -24.924852499999929 ], [ -53.466531599999939, -24.92460449999993 ], [ -53.466904799999952, -24.92436779999997 ], [ -53.467296699999963, -24.924081599999965 ], [ -53.468059, -24.923436 ], [ -53.468189, -24.923326 ], [ -53.468606, -24.922977 ], [ -53.469174, -24.922565 ], [ -53.469511899999986, -24.922359699999959 ], [ -53.469732, -24.922226 ], [ -53.470318, -24.921935 ], [ -53.471033, -24.921686 ], [ -53.471729, -24.921496 ], [ -53.472447, -24.921357 ], [ -53.473654, -24.921251 ], [ -53.473967499999958, -24.921235499999966 ], [ -53.475671699999964, -24.921151099999975 ], [ -53.477107899999965, -24.921030899999948 ], [ -53.477384499999971, -24.921013099999982 ], [ -53.478188699999976, -24.920966 ], [ -53.478975, -24.920893799999931 ], [ -53.479139799999984, -24.920865299999946 ], [ -53.479759899999976, -24.920728399999973 ], [ -53.480226099999982, -24.920583599999929 ], [ -53.480605899999944, -24.920443599999942 ], [ -53.480945599999984, -24.92028369999997 ], [ -53.481282299999975, -24.920101899999963 ], [ -53.481610699999976, -24.919891699999937 ], [ -53.481845599999986, -24.919725399999948 ], [ -53.482241399999964, -24.919398699999931 ], [ -53.482599499999935, -24.919045099999948 ], [ -53.482714499999986, -24.918907 ], [ -53.482983599999955, -24.918583799999965 ], [ -53.483437899999956, -24.918000599999971 ], [ -53.484123099999977, -24.917169499999943 ], [ -53.485282899999959, -24.916082099999983 ], [ -53.487395499999934, -24.915341799999965 ], [ -53.491352399999982, -24.914419199999941 ], [ -53.492201199999954, -24.908046199999944 ], [ -53.489293499999974, -24.908301599999959 ], [ -53.488461299999983, -24.907772399999942 ], [ -53.482937099999958, -24.914799199999948 ], [ -53.482439199999931, -24.91448749999995 ], [ -53.479321699999957, -24.916621 ], [ -53.476952199999971, -24.918228299999953 ], [ -53.475651399999947, -24.918976399999963 ] ] ] ] } },
{ "type": "Feature", "properties": { "fid": 26, "CD_REGIAO": "4", "NM_REGIAO": "Sul", "CD_UF": "41", "NM_UF": "Paraná", "CD_MUN": "4104808", "NM_MUN": "Cascavel", "CD_DIST": "410480805", "NM_DIST": "Cascavel", "CD_SUBDIST": "41048080500", "NM_SUBDIST": null, "CD_BAIRRO": "4104808028", "NM_BAIRRO": "Cataratas", "CD_RGINT": "4103", "NM_RGINT": "Cascavel", "CD_RGI": "410006", "NM_RGI": "Cascavel", "CD_CONCURB": "4104808", "NM_CONCURB": "Cascavel/PR" }, "geometry": { "type": "MultiPolygon", "coordinates": [ [ [ [ -53.398812599999985, -24.959903299999951 ], [ -53.398836599999981, -24.960560199999975 ], [ -53.398863099999971, -24.961074199999928 ], [ -53.398917899999958, -24.961631399999931 ], [ -53.398997599999973, -24.961986099999933 ], [ -53.399118599999952, -24.962383799999941 ], [ -53.399151, -24.963439 ], [ -53.399151, -24.96381 ], [ -53.399222, -24.964018 ], [ -53.399603, -24.965261 ], [ -53.399785, -24.965673 ], [ -53.400046, -24.96659 ], [ -53.400248, -24.967035 ], [ -53.40036, -24.967398 ], [ -53.400656099999935, -24.967986 ], [ -53.401042599999982, -24.967760099999964 ], [ -53.401790799999958, -24.967333899999971 ], [ -53.402142399999946, -24.967133599999954 ], [ -53.402890299999967, -24.966700899999978 ], [ -53.404392799999982, -24.965851699999973 ], [ -53.405103399999973, -24.965453099999934 ], [ -53.40564569999998, -24.96515949999997 ], [ -53.406067199999939, -24.964973 ], [ -53.406690799999978, -24.964769199999978 ], [ -53.40628959999998, -24.964796799999931 ], [ -53.406122, -24.964733 ], [ -53.406047599999965, -24.96458089999993 ], [ -53.406033299999933, -24.964475 ], [ -53.406058399999949, -24.964361899999972 ], [ -53.406096199999979, -24.964282399999945 ], [ -53.406123599999944, -24.96427319999998 ], [ -53.406016799999975, -24.96424339999993 ], [ -53.405882099999985, -24.964182299999948 ], [ -53.405806699999971, -24.964099799999929 ], [ -53.405713399999968, -24.963927399999932 ], [ -53.405643399999974, -24.963776699999983 ], [ -53.405566199999953, -24.963570299999958 ], [ -53.40554469999995, -24.963378199999966 ], [ -53.405539299999987, -24.963207699999941 ], [ -53.405582399999957, -24.962983299999962 ], [ -53.405643399999974, -24.962807399999974 ], [ -53.405796, -24.962452 ], [ -53.406063399999937, -24.96187759999998 ], [ -53.406284, -24.961401 ], [ -53.406451699999934, -24.961034 ], [ -53.40668519999997, -24.96059779999996 ], [ -53.406865399999958, -24.960296299999982 ], [ -53.407144, -24.959890599999937 ], [ -53.407425799999942, -24.959531699999957 ], [ -53.407781199999931, -24.959142099999951 ], [ -53.408317899999986, -24.958607299999983 ], [ -53.409064599999965, -24.957844399999942 ], [ -53.409202, -24.957704899999953 ], [ -53.409577099999979, -24.957323 ], [ -53.411752299999932, -24.955109099999959 ], [ -53.411983699999951, -24.954873899999939 ], [ -53.412183599999935, -24.954670499999963 ], [ -53.413055, -24.953783699999974 ], [ -53.413201799999968, -24.953634299999976 ], [ -53.414953, -24.951864 ], [ -53.414854199999979, -24.951832499999966 ], [ -53.414665199999945, -24.951699099999928 ], [ -53.41381, -24.950998699999957 ], [ -53.41316, -24.950476799999933 ], [ -53.412510199999986, -24.949950599999966 ], [ -53.411970799999949, -24.949506199999973 ], [ -53.411453799999947, -24.94907539999997 ], [ -53.410621299999946, -24.948392299999966 ], [ -53.409877399999971, -24.947795699999972 ], [ -53.409150099999977, -24.947195699999952 ], [ -53.408402499999966, -24.946593399999983 ], [ -53.407771899999943, -24.946069499999965 ], [ -53.407010399999933, -24.945449099999962 ], [ -53.406307099999935, -24.944882 ], [ -53.406001299999957, -24.944643599999949 ], [ -53.405740399999956, -24.94495569999998 ], [ -53.405584599999941, -24.945263199999943 ], [ -53.405321199999946, -24.94556979999993 ], [ -53.405031699999938, -24.946051399999931 ], [ -53.404847299999972, -24.94632219999994 ], [ -53.404604699999936, -24.946612 ], [ -53.404372, -24.946965699999964 ], [ -53.404261599999984, -24.947299199999975 ], [ -53.404264699999942, -24.94765179999996 ], [ -53.404302099999938, -24.947777299999927 ], [ -53.404283899999939, -24.948025799999982 ], [ -53.404154499999947, -24.94842959999994 ], [ -53.404082, -24.948755799999958 ], [ -53.403926699999943, -24.949069 ], [ -53.403745599999979, -24.949495599999977 ], [ -53.403691899999956, -24.949609 ], [ -53.403548, -24.949724799999956 ], [ -53.403420299999937, -24.950044899999966 ], [ -53.40334219999994, -24.950407899999959 ], [ -53.403164799999956, -24.950693399999977 ], [ -53.402995799999985, -24.951001499999961 ], [ -53.402816599999937, -24.951191899999969 ], [ -53.402429799999936, -24.951207499999953 ], [ -53.402072699999962, -24.951239799999939 ], [ -53.401831699999946, -24.951128099999949 ], [ -53.401682899999969, -24.950973199999964 ], [ -53.401063699999952, -24.950790799999936 ], [ -53.400555199999985, -24.950912199999948 ], [ -53.400266299999942, -24.951193899999964 ], [ -53.399503299999935, -24.951443499999982 ], [ -53.398875, -24.951432199999942 ], [ -53.398432499999956, -24.951485699999978 ], [ -53.398578, -24.954945299999963 ], [ -53.398632299999974, -24.956059 ], [ -53.398727399999984, -24.958252899999934 ], [ -53.398761, -24.958897099999945 ], [ -53.398789599999986, -24.959522299999946 ], [ -53.398800599999959, -24.959706299999937 ], [ -53.398812599999985, -24.959903299999951 ] ] ] ] } },
{ "type": "Feature", "properties": { "fid": 27, "CD_REGIAO": "4", "NM_REGIAO": "Sul", "CD_UF": "41", "NM_UF": "Paraná", "CD_MUN": "4104808", "NM_MUN": "Cascavel", "CD_DIST": "410480805", "NM_DIST": "Cascavel", "CD_SUBDIST": "41048080500", "NM_SUBDIST": null, "CD_BAIRRO": "4104808023", "NM_BAIRRO": "Interlagos", "CD_RGINT": "4103", "NM_RGINT": "Cascavel", "CD_RGI": "410006", "NM_RGI": "Cascavel", "CD_CONCURB": "4104808", "NM_CONCURB": "Cascavel/PR" }, "geometry": { "type": "MultiPolygon", "coordinates": [ [ [ [ -53.437765199999944, -24.920537099999933 ], [ -53.438029, -24.920488 ], [ -53.43870869999995, -24.91981549999997 ], [ -53.439166199999931, -24.919504599999982 ], [ -53.439184899999987, -24.919366 ], [ -53.439262499999984, -24.918651 ], [ -53.43941719999998, -24.918580399999939 ], [ -53.440917, -24.917723199999955 ], [ -53.441631699999959, -24.917329699999982 ], [ -53.44234229999995, -24.916938399999935 ], [ -53.442819399999962, -24.916654199999982 ], [ -53.442820599999948, -24.916723099999956 ], [ -53.446274, -24.916652899999974 ], [ -53.447062499999959, -24.916649799999959 ], [ -53.447221699999943, -24.916478199999972 ], [ -53.44725109999996, -24.916241799999966 ], [ -53.447433099999955, -24.915413899999976 ], [ -53.447403899999983, -24.915084899999954 ], [ -53.447409, -24.914419 ], [ -53.447409, -24.91379539999997 ], [ -53.447291, -24.913319899999976 ], [ -53.447516499999949, -24.91307489999997 ], [ -53.447479899999962, -24.912626 ], [ -53.447628399999985, -24.91209669999995 ], [ -53.447708499999976, -24.91170459999995 ], [ -53.447961299999974, -24.911277 ], [ -53.446789, -24.911316 ], [ -53.443155199999978, -24.911279 ], [ -53.443239199999937, -24.910186299999964 ], [ -53.443255699999952, -24.909971 ], [ -53.443272699999966, -24.909677399999964 ], [ -53.443263499999944, -24.909516099999962 ], [ -53.443200599999955, -24.909246699999983 ], [ -53.443089899999961, -24.908913499999983 ], [ -53.44304139999997, -24.908767299999965 ], [ -53.442797399999961, -24.908307899999954 ], [ -53.442402299999969, -24.907769799999983 ], [ -53.441941099999951, -24.907129199999929 ], [ -53.441601299999945, -24.906679099999963 ], [ -53.441460599999971, -24.906514199999947 ], [ -53.441327099999967, -24.906357699999944 ], [ -53.441309499999932, -24.906337099999973 ], [ -53.441079299999956, -24.906079399999953 ], [ -53.440835099999958, -24.905879099999936 ], [ -53.440449599999965, -24.905628399999955 ], [ -53.438982899999985, -24.904759699999943 ], [ -53.438527299999976, -24.904489799999965 ], [ -53.437409699999932, -24.903827799999931 ], [ -53.436382399999957, -24.903213 ], [ -53.433532299999968, -24.90707139999995 ], [ -53.432578099999944, -24.906490599999927 ], [ -53.432613699999933, -24.909860699999967 ], [ -53.432593199999985, -24.909883099999945 ], [ -53.432337699999948, -24.910162499999956 ], [ -53.432192399999963, -24.910403899999949 ], [ -53.431328, -24.910664599999961 ], [ -53.430211399999962, -24.911318399999971 ], [ -53.428835899999967, -24.912166399999933 ], [ -53.426949499999978, -24.908755199999973 ], [ -53.425243899999941, -24.909583199999929 ], [ -53.425179899999932, -24.90946109999993 ], [ -53.42513, -24.909377199999938 ], [ -53.423328199999958, -24.910216 ], [ -53.423645499999964, -24.910721899999942 ], [ -53.423810599999968, -24.910975 ], [ -53.424028299999975, -24.91120189999998 ], [ -53.424195599999962, -24.911420899999939 ], [ -53.424380099999951, -24.911791499999936 ], [ -53.42461609999998, -24.912094299999978 ], [ -53.424886799999967, -24.912313499999982 ], [ -53.4251, -24.912572399999931 ], [ -53.425293199999942, -24.91281639999994 ], [ -53.425381499999958, -24.913018099999931 ], [ -53.425466299999982, -24.913297199999931 ], [ -53.425643199999968, -24.913823599999944 ], [ -53.425712899999951, -24.914402799999948 ], [ -53.425886499999933, -24.914828 ], [ -53.426079, -24.915185 ], [ -53.426268799999946, -24.916070699999977 ], [ -53.426741099999958, -24.916907 ], [ -53.427085799999986, -24.917634899999939 ], [ -53.427242699999965, -24.917937799999947 ], [ -53.427436799999953, -24.918335799999966 ], [ -53.427541799999972, -24.918979799999931 ], [ -53.427796299999954, -24.919853699999976 ], [ -53.428007, -24.920338 ], [ -53.42835, -24.920738 ], [ -53.428865, -24.921051 ], [ -53.429341, -24.92126 ], [ -53.429475, -24.921434 ], [ -53.429513, -24.921678 ], [ -53.429589, -24.921783 ], [ -53.429783599999951, -24.921982899999932 ], [ -53.43003159999995, -24.922034899999971 ], [ -53.430108799999971, -24.922297899999933 ], [ -53.430412799999942, -24.922471899999948 ], [ -53.43074009999998, -24.922614599999974 ], [ -53.430854, -24.922813699999949 ], [ -53.43131139999997, -24.923328599999934 ], [ -53.431628, -24.923593 ], [ -53.432199, -24.924167 ], [ -53.4327, -24.92457 ], [ -53.433086799999955, -24.924224599999945 ], [ -53.434320699999944, -24.923255299999937 ], [ -53.435365599999955, -24.922430399999939 ], [ -53.435378699999944, -24.92242 ], [ -53.43672, -24.921356199999934 ], [ -53.437765199999944, -24.920537099999933 ] ] ] ] } },
{ "type": "Feature", "properties": { "fid": 28, "CD_REGIAO": "4", "NM_REGIAO": "Sul", "CD_UF": "41", "NM_UF": "Paraná", "CD_MUN": "4104808", "NM_MUN": "Cascavel", "CD_DIST": "410480805", "NM_DIST": "Cascavel", "CD_SUBDIST": "41048080500", "NM_SUBDIST": null, "CD_BAIRRO": "4104808009", "NM_BAIRRO": "Maria Luíza", "CD_RGINT": "4103", "NM_RGINT": "Cascavel", "CD_RGI": "410006", "NM_RGI": "Cascavel", "CD_CONCURB": "4104808", "NM_CONCURB": "Cascavel/PR" }, "geometry": { "type": "MultiPolygon", "coordinates": [ [ [ [ -53.440192799999977, -24.970764499999973 ], [ -53.439345799999955, -24.971214599999939 ], [ -53.438409899999954, -24.971688599999936 ], [ -53.438066899999967, -24.971861899999965 ], [ -53.437866499999984, -24.971969099999967 ], [ -53.436313899999959, -24.972842299999968 ], [ -53.436678299999983, -24.97301669999996 ], [ -53.437439599999948, -24.973370599999953 ], [ -53.438435399999946, -24.973841499999935 ], [ -53.439920299999983, -24.974545699999965 ], [ -53.441059499999938, -24.975085799999931 ], [ -53.441247, -24.97517849999997 ], [ -53.441908699999942, -24.97550039999993 ], [ -53.442781499999967, -24.975912599999958 ], [ -53.443955399999936, -24.976467699999944 ], [ -53.444306899999958, -24.976633899999968 ], [ -53.444893799999932, -24.976911799999982 ], [ -53.445241899999985, -24.977076099999977 ], [ -53.445601199999942, -24.977248699999961 ], [ -53.44602169999996, -24.977450699999963 ], [ -53.446502299999963, -24.977644 ], [ -53.447120899999959, -24.97789279999995 ], [ -53.447938099999931, -24.978206799999953 ], [ -53.448395799999957, -24.978382599999975 ], [ -53.449034299999937, -24.97862779999997 ], [ -53.449256, -24.978713599999935 ], [ -53.44979079999996, -24.978920499999958 ], [ -53.450472699999978, -24.979176 ], [ -53.451090799999974, -24.979412899999943 ], [ -53.452059599999984, -24.979784099999961 ], [ -53.452456, -24.979943599999956 ], [ -53.452896099999975, -24.980104499999982 ], [ -53.453373799999952, -24.980293 ], [ -53.453455299999973, -24.980327399999965 ], [ -53.45368579999996, -24.979793 ], [ -53.454124, -24.978764599999977 ], [ -53.454586899999981, -24.977616199999943 ], [ -53.455157699999972, -24.97615559999997 ], [ -53.455159599999945, -24.97602969999997 ], [ -53.455137, -24.975543 ], [ -53.455082, -24.974964 ], [ -53.455029799999977, -24.974248599999953 ], [ -53.454989899999987, -24.973696599999982 ], [ -53.454912399999955, -24.972584299999937 ], [ -53.454840599999955, -24.971529499999974 ], [ -53.454755899999952, -24.970408499999962 ], [ -53.454681499999936, -24.969277699999964 ], [ -53.45461, -24.968146 ], [ -53.454519, -24.967026 ], [ -53.454392899999959, -24.967017699999928 ], [ -53.453233899999987, -24.967095 ], [ -53.45193729999994, -24.96718489999995 ], [ -53.451772299999959, -24.964629799999955 ], [ -53.450373599999978, -24.965357 ], [ -53.448364499999968, -24.966407 ], [ -53.447115899999972, -24.967104699999936 ], [ -53.446611099999984, -24.967367499999966 ], [ -53.445944599999962, -24.967725899999948 ], [ -53.444976, -24.968250699999942 ], [ -53.444916299999932, -24.968284399999959 ], [ -53.444821299999944, -24.96832749999993 ], [ -53.444274399999983, -24.968609899999933 ], [ -53.443663299999969, -24.96894709999998 ], [ -53.443060499999945, -24.969272199999978 ], [ -53.442612899999972, -24.969494899999972 ], [ -53.442428499999949, -24.96959389999995 ], [ -53.441626699999972, -24.97001709999995 ], [ -53.440993299999946, -24.970344099999977 ], [ -53.440192799999977, -24.970764499999973 ] ] ] ] } },
{ "type": "Feature", "properties": { "fid": 29, "CD_REGIAO": "4", "NM_REGIAO": "Sul", "CD_UF": "41", "NM_UF": "Paraná", "CD_MUN": "4104808", "NM_MUN": "Cascavel", "CD_DIST": "410480805", "NM_DIST": "Cascavel", "CD_SUBDIST": "41048080500", "NM_SUBDIST": null, "CD_BAIRRO": "4104808035", "NM_BAIRRO": "Guarujá", "CD_RGINT": "4103", "NM_RGINT": "Cascavel", "CD_RGI": "410006", "NM_RGI": "Cascavel", "CD_CONCURB": "4104808", "NM_CONCURB": "Cascavel/PR" }, "geometry": { "type": "MultiPolygon", "coordinates": [ [ [ [ -53.490831599999979, -24.985650899999939 ], [ -53.490740099999982, -24.985758099999941 ], [ -53.49059, -24.986027399999955 ], [ -53.490538199999946, -24.986361299999942 ], [ -53.490455399999973, -24.98660979999994 ], [ -53.490458, -24.986778099999981 ], [ -53.490446499999962, -24.987086 ], [ -53.490417399999956, -24.987381 ], [ -53.490385499999945, -24.987575699999979 ], [ -53.490365, -24.98788 ], [ -53.490218499999969, -24.988195799999971 ], [ -53.490122, -24.988320299999941 ], [ -53.490133399999934, -24.988602799999967 ], [ -53.490219899999943, -24.988866199999961 ], [ -53.490181399999983, -24.989147399999979 ], [ -53.490244699999948, -24.98932 ], [ -53.490278299999943, -24.989449299999933 ], [ -53.490220099999931, -24.989756499999942 ], [ -53.49018, -24.9899 ], [ -53.49012, -24.990090199999941 ], [ -53.490161499999942, -24.990108299999974 ], [ -53.490767099999971, -24.990404799999965 ], [ -53.490942799999971, -24.990432399999975 ], [ -53.491349599999978, -24.990364099999965 ], [ -53.491996099999938, -24.990282199999967 ], [ -53.492620299999942, -24.990195 ], [ -53.493242799999962, -24.990105699999958 ], [ -53.493878699999982, -24.990024 ], [ -53.494055399999979, -24.991249099999948 ], [ -53.494486299999949, -24.994495399999948 ], [ -53.494831, -24.994275 ], [ -53.495091, -24.993727 ], [ -53.495351, -24.99349 ], [ -53.49575, -24.99318 ], [ -53.49607, -24.993016 ], [ -53.49651, -24.992925 ], [ -53.496909, -24.99287 ], [ -53.497049, -24.992578 ], [ -53.497069, -24.992286 ], [ -53.497169, -24.99214 ], [ -53.497529, -24.992103 ], [ -53.497706899999969, -24.991989099999955 ], [ -53.49780549999997, -24.991760199999931 ], [ -53.497976899999969, -24.991545599999938 ], [ -53.498234799999977, -24.991253599999936 ], [ -53.49862719999993, -24.990613699999983 ], [ -53.498870599999975, -24.990070699999933 ], [ -53.499041699999964, -24.989804 ], [ -53.499282199999982, -24.989577 ], [ -53.499572199999932, -24.989368 ], [ -53.500017899999932, -24.989066499999979 ], [ -53.500758299999973, -24.988533199999949 ], [ -53.501177599999949, -24.98821739999994 ], [ -53.501752299999964, -24.98759089999993 ], [ -53.50224419999995, -24.987068 ], [ -53.502648, -24.986731499999962 ], [ -53.503072499999973, -24.986576199999945 ], [ -53.503357299999948, -24.986327599999981 ], [ -53.503554, -24.985851299999979 ], [ -53.503823299999965, -24.985375 ], [ -53.504172, -24.985123 ], [ -53.504446299999984, -24.984958799999959 ], [ -53.504105099999947, -24.984593899999936 ], [ -53.504218, -24.984567399999946 ], [ -53.503779299999962, -24.984090899999956 ], [ -53.503221499999938, -24.983519199999932 ], [ -53.502946899999984, -24.983223099999975 ], [ -53.502636399999972, -24.982891 ], [ -53.502369099999953, -24.982603199999971 ], [ -53.501913, -24.982112 ], [ -53.501652699999966, -24.981812199999979 ], [ -53.50140319999997, -24.981539399999974 ], [ -53.501126799999952, -24.98123789999994 ], [ -53.500871899999936, -24.980992 ], [ -53.500529099999937, -24.980708399999969 ], [ -53.500265399999932, -24.980544299999963 ], [ -53.500002699999982, -24.980371799999944 ], [ -53.499900599999933, -24.980310499999973 ], [ -53.499465, -24.980076099999962 ], [ -53.49928959999994, -24.979997399999945 ], [ -53.499142, -24.979931199999953 ], [ -53.498904399999958, -24.979837 ], [ -53.498609299999941, -24.979737399999976 ], [ -53.498160899999959, -24.979614199999958 ], [ -53.497730199999978, -24.979519399999958 ], [ -53.497250599999973, -24.979455199999961 ], [ -53.496849199999986, -24.979428799999937 ], [ -53.496394099999975, -24.979422599999964 ], [ -53.495988199999942, -24.979437299999972 ], [ -53.495218499999964, -24.979450499999928 ], [ -53.494988199999966, -24.979454499999974 ], [ -53.494615599999975, -24.979467899999975 ], [ -53.494144799999958, -24.979484899999932 ], [ -53.493684499999972, -24.979493499999933 ], [ -53.493173899999931, -24.979508599999974 ], [ -53.493012399999941, -24.979516 ], [ -53.492956399999969, -24.979517 ], [ -53.492164099999968, -24.979531399999928 ], [ -53.492185, -24.980814699999939 ], [ -53.491431899999952, -24.98077939999996 ], [ -53.49141039999995, -24.98131 ], [ -53.491378499999939, -24.982345 ], [ -53.49134829999997, -24.983159799999953 ], [ -53.491337499999986, -24.983851099999981 ], [ -53.491211899999939, -24.984032599999978 ], [ -53.491138899999953, -24.984378799999945 ], [ -53.491070099999945, -24.984891499999947 ], [ -53.491038799999956, -24.985060799999928 ], [ -53.490891799999986, -24.985358899999937 ], [ -53.490831599999979, -24.985650899999939 ] ] ] ] } },
{ "type": "Feature", "properties": { "fid": 30, "CD_REGIAO": "4", "NM_REGIAO": "Sul", "CD_UF": "41", "NM_UF": "Paraná", "CD_MUN": "4104808", "NM_MUN": "Cascavel", "CD_DIST": "410480805", "NM_DIST": "Cascavel", "CD_SUBDIST": "41048080500", "NM_SUBDIST": null, "CD_BAIRRO": "4104808005", "NM_BAIRRO": "São Cristóvão", "CD_RGINT": "4103", "NM_RGINT": "Cascavel", "CD_RGI": "410006", "NM_RGI": "Cascavel", "CD_CONCURB": "4104808", "NM_CONCURB": "Cascavel/PR" }, "geometry": { "type": "MultiPolygon", "coordinates": [ [ [ [ -53.425755899999956, -24.948135199999967 ], [ -53.42697279999993, -24.94754649999993 ], [ -53.428202099999965, -24.946938199999977 ], [ -53.429417599999965, -24.946333399999958 ], [ -53.430344599999955, -24.945890899999938 ], [ -53.431692399999974, -24.94522349999994 ], [ -53.433046399999967, -24.944567 ], [ -53.433623299999965, -24.944269499999962 ], [ -53.433623199999943, -24.944225199999948 ], [ -53.433623699999941, -24.94419849999997 ], [ -53.434055499999943, -24.944448399999942 ], [ -53.434575499999937, -24.943679799999927 ], [ -53.435653599999966, -24.944309499999974 ], [ -53.436751699999945, -24.944947499999955 ], [ -53.437828899999943, -24.945559099999969 ], [ -53.438024, -24.945665399999939 ], [ -53.438050699999962, -24.945562299999949 ], [ -53.438619, -24.944777599999952 ], [ -53.439321099999972, -24.943789099999947 ], [ -53.439997699999935, -24.942798599999946 ], [ -53.440671299999963, -24.941823199999931 ], [ -53.44134, -24.940867 ], [ -53.441344699999945, -24.940858899999967 ], [ -53.441367499999956, -24.940819599999941 ], [ -53.442054599999949, -24.93984219999993 ], [ -53.442737499999964, -24.938835 ], [ -53.443425199999979, -24.93785029999998 ], [ -53.444116099999974, -24.936861699999952 ], [ -53.444789299999968, -24.935873199999946 ], [ -53.444628499999965, -24.935780399999942 ], [ -53.443535499999939, -24.935127399999942 ], [ -53.442843399999958, -24.936146 ], [ -53.44163489999994, -24.935427299999958 ], [ -53.440693899999985, -24.934881899999937 ], [ -53.43988539999998, -24.934448799999927 ], [ -53.439505799999949, -24.934375499999931 ], [ -53.438478799999984, -24.933945199999982 ], [ -53.438245599999959, -24.933693099999971 ], [ -53.437843, -24.933503 ], [ -53.437482599999953, -24.93312439999994 ], [ -53.437284799999986, -24.933182099999954 ], [ -53.437028399999974, -24.933239299999968 ], [ -53.43674859999993, -24.933296599999949 ], [ -53.436465, -24.933337199999983 ], [ -53.435876099999973, -24.933391899999947 ], [ -53.435736199999951, -24.933402799999953 ], [ -53.435023499999943, -24.933458299999927 ], [ -53.434231899999986, -24.933531699999946 ], [ -53.433738699999935, -24.933616 ], [ -53.433626299999958, -24.933632499999931 ], [ -53.433528099999933, -24.933666599999981 ], [ -53.433202299999948, -24.933760099999972 ], [ -53.432231599999966, -24.934088299999928 ], [ -53.43158649999998, -24.934305 ], [ -53.431475199999966, -24.934342399999935 ], [ -53.430923099999973, -24.934529299999951 ], [ -53.430595199999971, -24.934694499999978 ], [ -53.430294899999978, -24.934836 ], [ -53.430022299999962, -24.935007499999983 ], [ -53.42971689999996, -24.935235499999976 ], [ -53.429427799999985, -24.935507899999948 ], [ -53.429162299999973, -24.935814499999935 ], [ -53.428914099999986, -24.936181799999929 ], [ -53.428761, -24.936491599999954 ], [ -53.428645399999937, -24.936752099999978 ], [ -53.428565399999968, -24.937013799999932 ], [ -53.428517099999965, -24.937252299999955 ], [ -53.42848, -24.937484199999972 ], [ -53.42843929999998, -24.937799599999948 ], [ -53.428363899999965, -24.938841399999944 ], [ -53.428330499999959, -24.939364799999964 ], [ -53.428272799999945, -24.940271 ], [ -53.428251099999954, -24.940627799999959 ], [ -53.42821639999994, -24.940987 ], [ -53.428154599999971, -24.941372899999976 ], [ -53.428056199999958, -24.941767299999981 ], [ -53.427956199999983, -24.942071099999964 ], [ -53.427855199999954, -24.942343 ], [ -53.427706699999931, -24.942679899999973 ], [ -53.427673599999935, -24.942764499999953 ], [ -53.427619299999947, -24.942843399999958 ], [ -53.427504599999963, -24.943044599999951 ], [ -53.427333899999951, -24.943302199999948 ], [ -53.427129499999978, -24.94359419999995 ], [ -53.426923099999954, -24.943860599999937 ], [ -53.426760299999955, -24.944037 ], [ -53.426533399999983, -24.944271399999934 ], [ -53.426306699999941, -24.944476 ], [ -53.426118199999962, -24.944635499999947 ], [ -53.425900499999955, -24.944802099999947 ], [ -53.425581799999975, -24.945027299999936 ], [ -53.425332099999935, -24.945170399999938 ], [ -53.425091, -24.945299899999952 ], [ -53.424340299999983, -24.945677 ], [ -53.42430319999994, -24.945695699999931 ], [ -53.423918599999979, -24.945888599999932 ], [ -53.42310539999994, -24.946294699999953 ], [ -53.422733599999958, -24.946484699999928 ], [ -53.422629899999947, -24.946533899999963 ], [ -53.421666699999946, -24.946991099999934 ], [ -53.421079299999974, -24.947279599999945 ], [ -53.420160399999986, -24.947730799999931 ], [ -53.41909469999996, -24.948254099999929 ], [ -53.41875269999997, -24.948425499999928 ], [ -53.418466499999965, -24.948589099999936 ], [ -53.41818509999996, -24.948770899999943 ], [ -53.418076799999938, -24.948842599999978 ], [ -53.418161, -24.948986699999978 ], [ -53.418272199999933, -24.949055899999962 ], [ -53.418695399999933, -24.94955959999993 ], [ -53.419316199999969, -24.95027209999995 ], [ -53.41994909999994, -24.951004299999965 ], [ -53.420881299999962, -24.950529599999982 ], [ -53.42210149999994, -24.949928599999964 ], [ -53.42331489999998, -24.94934109999997 ], [ -53.424538599999948, -24.948726599999929 ], [ -53.425755899999956, -24.948135199999967 ] ] ], [ [ [ -53.434419599999956, -24.929296299999976 ], [ -53.434608399999945, -24.929853099999946 ], [ -53.434949, -24.930205 ], [ -53.435113, -24.930542 ], [ -53.435246, -24.930663 ], [ -53.435307, -24.93085 ], [ -53.43542, -24.931167 ], [ -53.435675, -24.931504 ], [ -53.43589, -24.93155 ], [ -53.436044, -24.93155 ], [ -53.436299, -24.931756 ], [ -53.436565, -24.932008 ], [ -53.436616, -24.932139 ], [ -53.436719, -24.932223 ], [ -53.436821, -24.932307 ], [ -53.436974, -24.932429 ], [ -53.437138, -24.932625 ], [ -53.437138, -24.932718 ], [ -53.43728109999995, -24.932954099999961 ], [ -53.437482599999953, -24.93312439999994 ], [ -53.438023399999963, -24.932907299999954 ], [ -53.438476799999933, -24.932674 ], [ -53.438657299999932, -24.932569099999967 ], [ -53.438839, -24.932446699999957 ], [ -53.439267399999949, -24.932102699999973 ], [ -53.43960119999997, -24.931783499999938 ], [ -53.439940299999932, -24.931411499999967 ], [ -53.440351799999974, -24.930954499999928 ], [ -53.440640799999983, -24.930642699999964 ], [ -53.440941, -24.930289799999969 ], [ -53.441321099999982, -24.929942099999948 ], [ -53.441554899999971, -24.929757499999937 ], [ -53.441174, -24.929615799999965 ], [ -53.440586799999949, -24.929574 ], [ -53.439944099999934, -24.929548099999977 ], [ -53.439423699999963, -24.929519599999935 ], [ -53.438952499999971, -24.92950019999995 ], [ -53.438240199999939, -24.929454699999951 ], [ -53.43762879999997, -24.929431699999952 ], [ -53.436070699999959, -24.929304399999978 ], [ -53.434885, -24.929244399999959 ], [ -53.434419599999956, -24.929296299999976 ] ] ], [ [ [ -53.421479199999965, -24.952733199999955 ], [ -53.422117, -24.953507499999944 ], [ -53.423750499999983, -24.952712 ], [ -53.424983099999963, -24.952105299999971 ], [ -53.426206599999944, -24.951500899999928 ], [ -53.427414399999975, -24.950903399999959 ], [ -53.42863559999995, -24.95032539999994 ], [ -53.429869799999949, -24.949712 ], [ -53.431076299999972, -24.949097699999982 ], [ -53.432295399999987, -24.948527899999931 ], [ -53.433633399999962, -24.947871 ], [ -53.433611799999937, -24.94680059999996 ], [ -53.43179159999994, -24.947687299999927 ], [ -53.430589, -24.94826889999996 ], [ -53.42936, -24.948872899999969 ], [ -53.428147099999933, -24.949473599999976 ], [ -53.426908199999957, -24.950072099999943 ], [ -53.425687699999969, -24.950667499999952 ], [ -53.424457699999948, -24.951274699999942 ], [ -53.423235899999952, -24.951868899999965 ], [ -53.422698599999933, -24.952140199999974 ], [ -53.42229709999998, -24.952332099999978 ], [ -53.421479199999965, -24.952733199999955 ] ] ] ] } },
{ "type": "Feature", "properties": { "fid": 31, "CD_REGIAO": "4", "NM_REGIAO": "Sul", "CD_UF": "41", "NM_UF": "Paraná", "CD_MUN": "4104808", "NM_MUN": "Cascavel", "CD_DIST": "410480805", "NM_DIST": "Cascavel", "CD_SUBDIST": "41048080500", "NM_SUBDIST": null, "CD_BAIRRO": "4104808002", "NM_BAIRRO": "Cancelli", "CD_RGINT": "4103", "NM_RGINT": "Cascavel", "CD_RGI": "410006", "NM_RGI": "Cascavel", "CD_CONCURB": "4104808", "NM_CONCURB": "Cascavel/PR" }, "geometry": { "type": "MultiPolygon", "coordinates": [ [ [ [ -53.466172399999948, -24.947053699999969 ], [ -53.467453899999953, -24.946972899999935 ], [ -53.468746199999941, -24.946893699999976 ], [ -53.469194199999947, -24.946869699999979 ], [ -53.469781899999987, -24.946838299999968 ], [ -53.47081849999995, -24.946777299999951 ], [ -53.472117899999944, -24.946713399999965 ], [ -53.473401499999966, -24.946636499999954 ], [ -53.474757899999986, -24.946549299999958 ], [ -53.476104199999952, -24.94647139999995 ], [ -53.476667899999939, -24.946444799999938 ], [ -53.476667099999986, -24.946427799999981 ], [ -53.476677099999961, -24.946338799999978 ], [ -53.476702099999954, -24.946252799999968 ], [ -53.47674509999996, -24.94617379999994 ], [ -53.476803099999984, -24.946105799999941 ], [ -53.476873099999978, -24.946048799999971 ], [ -53.476954099999944, -24.946007799999961 ], [ -53.477067099999942, -24.94598179999997 ], [ -53.477089699999965, -24.94598 ], [ -53.477042899999958, -24.945255399999951 ], [ -53.476974899999959, -24.944188299999951 ], [ -53.475949599999979, -24.944255399999975 ], [ -53.475882, -24.943212499999959 ], [ -53.476895199999944, -24.943144299999972 ], [ -53.478233599999953, -24.943068699999969 ], [ -53.479023199999972, -24.94305879999996 ], [ -53.479454799999985, -24.942999899999961 ], [ -53.479454899999951, -24.942857199999935 ], [ -53.479437, -24.942635 ], [ -53.479448, -24.94242 ], [ -53.479518, -24.942214 ], [ -53.479656, -24.941821 ], [ -53.479713, -24.941363 ], [ -53.479706, -24.941 ], [ -53.479669, -24.940699 ], [ -53.47965, -24.94036 ], [ -53.479706, -24.940028 ], [ -53.479838, -24.939589 ], [ -53.480061699999965, -24.938972099999944 ], [ -53.479034099999978, -24.938654299999939 ], [ -53.478984799999978, -24.938619399999936 ], [ -53.478858299999956, -24.938465099999974 ], [ -53.478838099999962, -24.938258499999961 ], [ -53.4785, -24.937905399999977 ], [ -53.478049699999985, -24.936328699999933 ], [ -53.477714099999957, -24.935333299999968 ], [ -53.477724899999941, -24.934388699999943 ], [ -53.477658299999973, -24.934186599999975 ], [ -53.477807799999937, -24.933883599999945 ], [ -53.477928399999939, -24.93369 ], [ -53.477821199999937, -24.933547099999942 ], [ -53.477821199999937, -24.933207699999969 ], [ -53.477785499999982, -24.933029099999942 ], [ -53.47786039999994, -24.932922099999928 ], [ -53.47791049999995, -24.932850499999972 ], [ -53.47791049999995, -24.932618299999945 ], [ -53.477892699999984, -24.93240389999994 ], [ -53.477999899999986, -24.932207399999982 ], [ -53.478035599999941, -24.932028799999955 ], [ -53.478160599999967, -24.931760899999972 ], [ -53.478285599999936, -24.93172519999996 ], [ -53.478332799999976, -24.931442199999935 ], [ -53.478714299999979, -24.931260799999961 ], [ -53.478964399999938, -24.931064299999946 ], [ -53.479035899999985, -24.930903499999943 ], [ -53.47894649999995, -24.930760599999928 ], [ -53.479178799999943, -24.930474799999956 ], [ -53.479160899999954, -24.930189 ], [ -53.479178799999943, -24.929974699999946 ], [ -53.479321599999935, -24.929849699999977 ], [ -53.479268099999956, -24.92959959999996 ], [ -53.47951809999995, -24.929206599999929 ], [ -53.479571699999951, -24.928831499999944 ], [ -53.479643199999941, -24.92843849999997 ], [ -53.479911099999981, -24.928224199999931 ], [ -53.479821799999968, -24.92800989999995 ], [ -53.479803899999979, -24.927670499999977 ], [ -53.479661, -24.927402499999971 ], [ -53.47958959999994, -24.927098899999976 ], [ -53.479482399999938, -24.926920299999949 ], [ -53.479571699999951, -24.926616599999932 ], [ -53.479464499999949, -24.926455899999951 ], [ -53.479357399999969, -24.926295099999948 ], [ -53.479196599999966, -24.926080799999966 ], [ -53.47951809999995, -24.925973599999963 ], [ -53.479607399999963, -24.92581279999996 ], [ -53.479571699999951, -24.925669899999946 ], [ -53.479732499999955, -24.925652099999979 ], [ -53.479678899999954, -24.925527 ], [ -53.479732499999955, -24.92547339999993 ], [ -53.479768199999967, -24.925277 ], [ -53.479946799999937, -24.925116199999934 ], [ -53.479839599999934, -24.925044799999966 ], [ -53.479893199999935, -24.924830399999962 ], [ -53.479911099999981, -24.924651799999936 ], [ -53.479768199999967, -24.924508899999978 ], [ -53.479661, -24.924294599999939 ], [ -53.479803899999979, -24.924187399999937 ], [ -53.479536, -24.924133799999936 ], [ -53.479411, -24.923819 ], [ -53.480091, -24.923363 ], [ -53.48121, -24.922706 ], [ -53.481848, -24.922041 ], [ -53.481757, -24.921994 ], [ -53.479930199999956, -24.920896299999981 ], [ -53.479759899999976, -24.920728399999973 ], [ -53.479139799999984, -24.920865299999946 ], [ -53.478975, -24.920893799999931 ], [ -53.478188699999976, -24.920966 ], [ -53.477384499999971, -24.921013099999982 ], [ -53.477107899999965, -24.921030899999948 ], [ -53.476986099999976, -24.92109679999993 ], [ -53.47671349999996, -24.92112439999994 ], [ -53.476595299999985, -24.921170699999948 ], [ -53.476440299999979, -24.921266299999957 ], [ -53.475973499999952, -24.921698899999967 ], [ -53.475650599999938, -24.922123899999974 ], [ -53.475388499999951, -24.922468899999956 ], [ -53.475225699999953, -24.922608499999967 ], [ -53.474961499999949, -24.922991899999943 ], [ -53.474729599999932, -24.923332899999934 ], [ -53.474612, -24.923649399999931 ], [ -53.474548299999981, -24.924114799999927 ], [ -53.474541199999976, -24.924310799999944 ], [ -53.47456939999995, -24.924862899999937 ], [ -53.474589599999945, -24.925141 ], [ -53.474643599999979, -24.926010299999973 ], [ -53.474369299999978, -24.926449199999979 ], [ -53.474179599999957, -24.926855599999953 ], [ -53.473539599999981, -24.927977599999963 ], [ -53.472999899999934, -24.928948299999945 ], [ -53.472610399999951, -24.929868799999952 ], [ -53.47232, -24.930757899999946 ], [ -53.472252099999935, -24.930951 ], [ -53.472085599999957, -24.93136439999995 ], [ -53.471973, -24.931749099999934 ], [ -53.471855799999958, -24.931999099999928 ], [ -53.471610799999951, -24.932375199999967 ], [ -53.471203099999968, -24.932734 ], [ -53.470683, -24.933009 ], [ -53.470235, -24.933239 ], [ -53.469617199999959, -24.933626699999934 ], [ -53.469279899999947, -24.933976599999937 ], [ -53.46858949999995, -24.934319099999982 ], [ -53.468455499999948, -24.934383699999955 ], [ -53.467879699999969, -24.93466159999997 ], [ -53.467151699999931, -24.935006599999952 ], [ -53.466434899999967, -24.935379499999954 ], [ -53.465996599999983, -24.935707299999933 ], [ -53.465755699999931, -24.935926499999937 ], [ -53.465412, -24.936135699999966 ], [ -53.464988199999937, -24.936367299999972 ], [ -53.464905499999986, -24.93643869999994 ], [ -53.464700799999946, -24.936624 ], [ -53.464532399999939, -24.936835699999961 ], [ -53.463897199999963, -24.937406399999929 ], [ -53.463673899999947, -24.93775549999998 ], [ -53.463372399999969, -24.938113099999953 ], [ -53.463065099999938, -24.93836349999998 ], [ -53.46195819999997, -24.938890499999957 ], [ -53.461827599999936, -24.938964 ], [ -53.461563299999966, -24.939014799999939 ], [ -53.460957099999973, -24.939503699999932 ], [ -53.460786, -24.939721 ], [ -53.460498, -24.940078 ], [ -53.459932099999946, -24.940674599999966 ], [ -53.459612299999947, -24.941004699999951 ], [ -53.459212499999978, -24.941368599999976 ], [ -53.45889429999994, -24.941601499999933 ], [ -53.458257, -24.941843 ], [ -53.458402899999953, -24.943735299999958 ], [ -53.458689699999979, -24.947455099999956 ], [ -53.459561, -24.947411699999975 ], [ -53.459919, -24.947406 ], [ -53.461118699999986, -24.947331599999927 ], [ -53.461120599999958, -24.947331499999962 ], [ -53.462406399999963, -24.947264599999983 ], [ -53.463699199999951, -24.947200099999975 ], [ -53.464912399999946, -24.947120799999936 ], [ -53.464917, -24.947120599999948 ], [ -53.466172399999948, -24.947053699999969 ] ] ] ] } },
{ "type": "Feature", "properties": { "fid": 32, "CD_REGIAO": "4", "NM_REGIAO": "Sul", "CD_UF": "41", "NM_UF": "Paraná", "CD_MUN": "4104808", "NM_MUN": "Cascavel", "CD_DIST": "410480805", "NM_DIST": "Cascavel", "CD_SUBDIST": "41048080500", "NM_SUBDIST": null, "CD_BAIRRO": "4104808022", "NM_BAIRRO": "Brasmadeira", "CD_RGINT": "4103", "NM_RGINT": "Cascavel", "CD_RGI": "410006", "NM_RGI": "Cascavel", "CD_CONCURB": "4104808", "NM_CONCURB": "Cascavel/PR" }, "geometry": { "type": "MultiPolygon", "coordinates": [ [ [ [ -53.442820599999948, -24.916723099999956 ], [ -53.442819399999962, -24.916654199999982 ], [ -53.44234229999995, -24.916938399999935 ], [ -53.441631699999959, -24.917329699999982 ], [ -53.440917, -24.917723199999955 ], [ -53.43941719999998, -24.918580399999939 ], [ -53.439262499999984, -24.918651 ], [ -53.439184899999987, -24.919366 ], [ -53.439166199999931, -24.919504599999982 ], [ -53.43870869999995, -24.91981549999997 ], [ -53.438029, -24.920488 ], [ -53.437765199999944, -24.920537099999933 ], [ -53.43672, -24.921356199999934 ], [ -53.435378699999944, -24.92242 ], [ -53.435365599999955, -24.922430399999939 ], [ -53.434320699999944, -24.923255299999937 ], [ -53.433086799999955, -24.924224599999945 ], [ -53.4327, -24.92457 ], [ -53.432812, -24.924617 ], [ -53.433058, -24.924766 ], [ -53.43317, -24.924972 ], [ -53.433456, -24.92542 ], [ -53.433763, -24.925878 ], [ -53.433937, -24.926214 ], [ -53.434019, -24.926485 ], [ -53.434015399999964, -24.927098099999967 ], [ -53.434171399999968, -24.927642099999957 ], [ -53.434170299999948, -24.928163 ], [ -53.434171099999958, -24.928165699999965 ], [ -53.434375799999941, -24.928837199999975 ], [ -53.434419599999956, -24.929296299999976 ], [ -53.434885, -24.929244399999959 ], [ -53.436070699999959, -24.929304399999978 ], [ -53.43762879999997, -24.929431699999952 ], [ -53.438240199999939, -24.929454699999951 ], [ -53.438952499999971, -24.92950019999995 ], [ -53.439423699999963, -24.929519599999935 ], [ -53.439944099999934, -24.929548099999977 ], [ -53.440586799999949, -24.929574 ], [ -53.441174, -24.929615799999965 ], [ -53.441554899999971, -24.929757499999937 ], [ -53.441321099999982, -24.929942099999948 ], [ -53.440941, -24.930289799999969 ], [ -53.440640799999983, -24.930642699999964 ], [ -53.440351799999974, -24.930954499999928 ], [ -53.439940299999932, -24.931411499999967 ], [ -53.43960119999997, -24.931783499999938 ], [ -53.439267399999949, -24.932102699999973 ], [ -53.438839, -24.932446699999957 ], [ -53.438657299999932, -24.932569099999967 ], [ -53.438476799999933, -24.932674 ], [ -53.438023399999963, -24.932907299999954 ], [ -53.437482599999953, -24.93312439999994 ], [ -53.437843, -24.933503 ], [ -53.438245599999959, -24.933693099999971 ], [ -53.438478799999984, -24.933945199999982 ], [ -53.439505799999949, -24.934375499999931 ], [ -53.43988539999998, -24.934448799999927 ], [ -53.440693899999985, -24.934881899999937 ], [ -53.44163489999994, -24.935427299999958 ], [ -53.442843399999958, -24.936146 ], [ -53.443535499999939, -24.935127399999942 ], [ -53.444628499999965, -24.935780399999942 ], [ -53.444789299999968, -24.935873199999946 ], [ -53.445486099999982, -24.934873399999958 ], [ -53.446170399999971, -24.933891699999947 ], [ -53.446831499999973, -24.932943299999977 ], [ -53.447564299999954, -24.931899599999952 ], [ -53.447898699999939, -24.931440699999939 ], [ -53.448246899999958, -24.931119399999943 ], [ -53.44852439999994, -24.930718299999967 ], [ -53.448571699999945, -24.930605899999932 ], [ -53.448703899999941, -24.93029139999993 ], [ -53.448784199999977, -24.930100299999935 ], [ -53.448819299999968, -24.930026899999973 ], [ -53.448907599999984, -24.929842 ], [ -53.448984, -24.929671 ], [ -53.449233199999981, -24.929351 ], [ -53.449357499999962, -24.929239 ], [ -53.449470399999939, -24.929092699999956 ], [ -53.449529299999938, -24.928979699999957 ], [ -53.449634599999968, -24.928780699999948 ], [ -53.450441799999965, -24.927612599999975 ], [ -53.450908099999936, -24.926944299999946 ], [ -53.451006699999937, -24.926803099999972 ], [ -53.451255099999969, -24.926467499999944 ], [ -53.451634599999977, -24.925982499999975 ], [ -53.451979399999971, -24.925595 ], [ -53.452554, -24.925113099999976 ], [ -53.453365499999961, -24.924412 ], [ -53.454626899999937, -24.923316499999942 ], [ -53.455399499999942, -24.922644599999956 ], [ -53.455461899999932, -24.922591199999943 ], [ -53.446067299999982, -24.921057699999949 ], [ -53.446106099999952, -24.920917599999939 ], [ -53.446130099999948, -24.920869499999981 ], [ -53.446283, -24.920235199999979 ], [ -53.446110099999942, -24.920112299999971 ], [ -53.44611249999997, -24.919856099999947 ], [ -53.446403399999951, -24.919262199999935 ], [ -53.446745799999974, -24.91901409999997 ], [ -53.446783499999981, -24.918662199999972 ], [ -53.446945399999947, -24.91834369999998 ], [ -53.44709359999996, -24.917902499999968 ], [ -53.44699559999998, -24.917471 ], [ -53.447105699999952, -24.91711 ], [ -53.447062499999959, -24.916649799999959 ], [ -53.446274, -24.916652899999974 ], [ -53.442820599999948, -24.916723099999956 ] ] ] ] } }
]
}
